-- MySQL dump 10.13  Distrib 8.0.19, for Linux (x86_64)
--
-- Host: localhost    Database: vk
-- ------------------------------------------------------
-- Server version	8.0.19

/*!40101 SET @OLD_CHARACTER_SET_CLIENT=@@CHARACTER_SET_CLIENT */;
/*!40101 SET @OLD_CHARACTER_SET_RESULTS=@@CHARACTER_SET_RESULTS */;
/*!40101 SET @OLD_COLLATION_CONNECTION=@@COLLATION_CONNECTION */;
/*!50503 SET NAMES utf8mb4 */;
/*!40103 SET @OLD_TIME_ZONE=@@TIME_ZONE */;
/*!40103 SET TIME_ZONE='+00:00' */;
/*!40014 SET @OLD_UNIQUE_CHECKS=@@UNIQUE_CHECKS, UNIQUE_CHECKS=0 */;
/*!40014 SET @OLD_FOREIGN_KEY_CHECKS=@@FOREIGN_KEY_CHECKS, FOREIGN_KEY_CHECKS=0 */;
/*!40101 SET @OLD_SQL_MODE=@@SQL_MODE, SQL_MODE='NO_AUTO_VALUE_ON_ZERO' */;
/*!40111 SET @OLD_SQL_NOTES=@@SQL_NOTES, SQL_NOTES=0 */;

--
-- Table structure for table `communities`
--

DROP TABLE IF EXISTS `communities`;
/*!40101 SET @saved_cs_client     = @@character_set_client */;
/*!50503 SET character_set_client = utf8mb4 */;
CREATE TABLE `communities` (
  `id` int unsigned NOT NULL AUTO_INCREMENT,
  `name` varchar(150) NOT NULL,
  PRIMARY KEY (`id`),
  UNIQUE KEY `name` (`name`)
) ENGINE=InnoDB AUTO_INCREMENT=9 DEFAULT CHARSET=utf8mb4 COLLATE=utf8mb4_0900_ai_ci;
/*!40101 SET character_set_client = @saved_cs_client */;

--
-- Dumping data for table `communities`
--

LOCK TABLES `communities` WRITE;
/*!40000 ALTER TABLE `communities` DISABLE KEYS */;
INSERT INTO `communities` VALUES (5,'Apocalypse'),(8,'Basketball'),(4,'Dancing'),(7,'Football'),(1,'Kids'),(6,'Music'),(3,'Pets'),(2,'Politics');
/*!40000 ALTER TABLE `communities` ENABLE KEYS */;
UNLOCK TABLES;

--
-- Table structure for table `communities_users`
--

DROP TABLE IF EXISTS `communities_users`;
/*!40101 SET @saved_cs_client     = @@character_set_client */;
/*!50503 SET character_set_client = utf8mb4 */;
CREATE TABLE `communities_users` (
  `community_id` int unsigned NOT NULL,
  `user_id` int unsigned NOT NULL,
  PRIMARY KEY (`community_id`,`user_id`)
) ENGINE=InnoDB DEFAULT CHARSET=utf8mb4 COLLATE=utf8mb4_0900_ai_ci;
/*!40101 SET character_set_client = @saved_cs_client */;

--
-- Dumping data for table `communities_users`
--

LOCK TABLES `communities_users` WRITE;
/*!40000 ALTER TABLE `communities_users` DISABLE KEYS */;
INSERT INTO `communities_users` VALUES (1,1),(1,9),(1,17),(1,25),(1,33),(1,41),(1,49),(1,57),(1,65),(1,73),(1,81),(1,89),(1,97),(2,2),(2,10),(2,18),(2,26),(2,34),(2,42),(2,50),(2,58),(2,66),(2,74),(2,82),(2,90),(2,98),(3,3),(3,11),(3,19),(3,27),(3,35),(3,43),(3,51),(3,59),(3,67),(3,75),(3,83),(3,91),(3,99),(4,4),(4,12),(4,20),(4,28),(4,36),(4,44),(4,52),(4,60),(4,68),(4,76),(4,84),(4,92),(4,100),(5,5),(5,13),(5,21),(5,29),(5,37),(5,45),(5,53),(5,61),(5,69),(5,77),(5,85),(5,93),(6,6),(6,14),(6,22),(6,30),(6,38),(6,46),(6,54),(6,62),(6,70),(6,78),(6,86),(6,94),(7,7),(7,15),(7,23),(7,31),(7,39),(7,47),(7,55),(7,63),(7,71),(7,79),(7,87),(7,95),(8,8),(8,16),(8,24),(8,32),(8,40),(8,48),(8,56),(8,64),(8,72),(8,80),(8,88),(8,96);
/*!40000 ALTER TABLE `communities_users` ENABLE KEYS */;
UNLOCK TABLES;

--
-- Table structure for table `friendship`
--

DROP TABLE IF EXISTS `friendship`;
/*!40101 SET @saved_cs_client     = @@character_set_client */;
/*!50503 SET character_set_client = utf8mb4 */;
CREATE TABLE `friendship` (
  `user_id` int unsigned NOT NULL,
  `friend_id` int unsigned NOT NULL,
  `status_id` int unsigned NOT NULL,
  `requested_at` datetime DEFAULT CURRENT_TIMESTAMP,
  `confirmed_at` datetime DEFAULT NULL,
  PRIMARY KEY (`user_id`,`friend_id`)
) ENGINE=InnoDB DEFAULT CHARSET=utf8mb4 COLLATE=utf8mb4_0900_ai_ci;
/*!40101 SET character_set_client = @saved_cs_client */;

--
-- Dumping data for table `friendship`
--

LOCK TABLES `friendship` WRITE;
/*!40000 ALTER TABLE `friendship` DISABLE KEYS */;
INSERT INTO `friendship` VALUES (1,1,1,'2014-09-15 18:22:09','2016-03-25 22:02:23'),(2,2,2,'2019-11-10 05:45:34','2020-03-14 03:42:21'),(3,3,3,'2017-04-12 17:51:22','2018-03-04 10:18:22'),(4,4,1,'2014-12-29 04:37:04','2015-07-16 18:07:40'),(5,5,2,'2012-09-08 14:06:35','2018-12-04 08:25:17'),(6,6,3,'2016-07-28 00:47:02','2013-06-14 01:36:33'),(7,7,1,'2011-01-29 01:09:51','2013-06-04 07:07:11'),(8,8,2,'2010-05-20 15:27:35','2016-08-31 02:12:18'),(9,9,3,'2011-09-20 21:01:28','2018-09-13 03:00:44'),(10,10,1,'2010-10-28 00:17:58','2011-08-06 04:51:52'),(11,11,2,'2013-05-01 13:09:19','2014-01-24 19:33:44'),(12,12,3,'2011-01-12 03:56:42','2013-05-23 06:29:23'),(13,13,1,'2011-08-14 17:38:59','2015-11-27 23:43:24'),(14,14,2,'2010-12-03 00:28:59','2017-10-26 22:20:15'),(15,15,3,'2013-03-14 06:21:48','2015-09-16 05:55:03'),(16,16,1,'2015-09-03 10:25:20','2016-02-24 01:15:54'),(17,17,2,'2019-12-12 22:22:23','2010-07-30 16:59:27'),(18,18,3,'2019-02-24 17:49:20','2016-04-19 08:07:02'),(19,19,1,'2017-07-14 10:29:37','2013-02-02 14:14:32'),(20,20,2,'2015-04-02 19:15:50','2014-07-13 13:23:00'),(21,21,3,'2015-12-22 15:40:48','2013-03-01 12:59:41'),(22,22,1,'2020-01-25 10:28:23','2014-04-14 19:39:18'),(23,23,2,'2016-02-03 11:52:19','2015-07-20 12:10:33'),(24,24,3,'2011-10-29 10:13:43','2010-10-22 01:01:48'),(25,25,1,'2016-03-06 10:27:32','2018-01-11 12:52:34'),(26,26,2,'2018-11-29 21:04:09','2014-07-24 00:55:56'),(27,27,3,'2011-06-29 08:02:50','2017-07-04 14:35:22'),(28,28,1,'2019-02-14 02:13:08','2012-08-09 01:43:27'),(29,29,2,'2015-05-24 02:30:40','2010-08-16 08:07:21'),(30,30,3,'2019-02-22 02:58:44','2017-04-04 12:38:07'),(31,31,1,'2012-04-08 13:25:03','2011-10-14 09:14:01'),(32,32,2,'2015-05-21 15:45:56','2012-11-07 02:19:37'),(33,33,3,'2019-01-13 02:07:57','2014-01-22 06:21:06'),(34,34,1,'2014-04-13 00:45:36','2013-12-02 08:20:25'),(35,35,2,'2011-04-07 00:36:03','2011-08-12 05:34:33'),(36,36,3,'2018-01-09 22:19:45','2012-03-04 22:02:29'),(37,37,1,'2012-03-24 17:29:05','2019-11-07 04:49:02'),(38,38,2,'2015-07-31 06:40:38','2018-05-01 14:05:30'),(39,39,3,'2010-08-02 10:58:12','2016-02-06 15:18:16'),(40,40,1,'2015-05-28 23:52:44','2018-04-03 08:04:11'),(41,41,2,'2015-02-25 14:17:23','2015-12-21 22:06:41'),(42,42,3,'2019-07-10 07:16:19','2011-07-06 10:40:15'),(43,43,1,'2019-09-30 00:35:17','2013-01-26 19:41:19'),(44,44,2,'2016-09-01 11:38:02','2019-12-15 02:56:17'),(45,45,3,'2018-10-21 03:04:06','2010-09-29 08:49:15'),(46,46,1,'2013-10-31 04:24:34','2014-12-22 09:08:46'),(47,47,2,'2011-06-11 11:01:52','2012-05-16 17:09:33'),(48,48,3,'2011-05-16 09:37:09','2014-05-25 08:48:11'),(49,49,1,'2013-06-03 19:44:06','2018-01-14 22:16:22'),(50,50,2,'2019-05-03 01:11:54','2019-10-05 14:01:42'),(51,51,3,'2016-03-28 16:12:00','2013-01-11 18:34:01'),(52,52,1,'2019-08-18 15:21:53','2012-08-04 14:29:59'),(53,53,2,'2012-06-28 12:58:45','2011-06-04 05:26:51'),(54,54,3,'2019-06-06 18:39:11','2018-05-24 12:47:05'),(55,55,1,'2013-09-10 18:21:01','2011-05-29 13:06:00'),(56,56,2,'2014-06-22 08:26:43','2013-07-30 05:39:27'),(57,57,3,'2017-11-04 06:00:10','2014-07-22 12:48:13'),(58,58,1,'2019-11-01 13:48:57','2016-01-20 07:47:21'),(59,59,2,'2014-12-16 16:54:09','2012-08-05 22:26:27'),(60,60,3,'2010-07-03 21:10:47','2019-11-14 10:06:17'),(61,61,1,'2014-03-29 15:26:08','2016-09-23 13:25:31'),(62,62,2,'2017-05-12 14:18:23','2015-04-07 20:58:16'),(63,63,3,'2011-10-17 01:42:42','2013-07-28 01:11:14'),(64,64,1,'2010-09-18 17:26:07','2018-04-22 00:05:15'),(65,65,2,'2019-05-26 22:34:32','2012-09-17 18:51:46'),(66,66,3,'2019-12-07 06:11:19','2014-09-18 13:39:53'),(67,67,1,'2015-03-23 11:49:11','2012-08-02 19:06:09'),(68,68,2,'2019-04-20 09:57:31','2016-02-26 09:09:30'),(69,69,3,'2017-10-05 19:11:28','2012-04-17 21:53:54'),(70,70,1,'2015-08-07 06:40:46','2013-10-15 21:21:34'),(71,71,2,'2011-06-29 06:02:57','2014-05-28 02:06:11'),(72,72,3,'2018-04-13 10:06:22','2016-09-22 08:47:46'),(73,73,1,'2013-10-24 00:27:02','2017-08-15 09:27:33'),(74,74,2,'2011-03-15 14:04:57','2012-09-25 03:52:40'),(75,75,3,'2011-11-29 19:19:18','2019-05-15 01:17:46'),(76,76,1,'2011-03-08 16:46:16','2012-09-09 01:22:11'),(77,77,2,'2013-07-18 04:05:03','2016-12-14 17:43:33'),(78,78,3,'2017-03-09 22:44:11','2010-12-15 08:55:55'),(79,79,1,'2018-08-23 03:12:42','2012-04-06 06:30:07'),(80,80,2,'2019-07-23 19:15:30','2013-04-03 23:17:40'),(81,81,3,'2014-01-13 23:33:22','2018-03-14 16:32:36'),(82,82,1,'2011-06-12 19:01:36','2018-05-17 18:32:57'),(83,83,2,'2012-10-08 00:17:34','2018-12-19 05:29:00'),(84,84,3,'2010-07-31 10:22:28','2010-06-03 10:42:32'),(85,85,1,'2016-08-11 19:05:12','2011-11-21 06:26:40'),(86,86,2,'2013-10-02 14:01:48','2018-08-01 13:56:47'),(87,87,3,'2014-10-30 23:10:57','2014-03-08 11:29:47'),(88,88,1,'2014-10-04 15:14:31','2012-07-31 20:38:40'),(89,89,2,'2014-08-08 07:31:04','2014-06-01 03:11:37'),(90,90,3,'2018-05-21 07:11:22','2016-05-13 18:13:42'),(91,91,1,'2010-05-14 07:04:50','2016-05-08 16:23:08'),(92,92,2,'2015-08-20 14:05:19','2020-02-12 20:34:10'),(93,93,3,'2017-07-29 09:23:20','2011-11-12 16:38:31'),(94,94,1,'2010-08-10 01:57:10','2011-12-18 00:17:04'),(95,95,2,'2017-03-26 20:28:44','2019-02-26 06:15:27'),(96,96,3,'2012-06-26 23:16:20','2019-10-07 14:05:26'),(97,97,1,'2012-08-30 12:54:18','2014-02-15 06:06:55'),(98,98,2,'2012-06-08 20:45:31','2015-07-18 06:21:03'),(99,99,3,'2013-09-20 16:59:18','2012-03-23 23:50:25'),(100,100,1,'2016-08-04 11:09:54','2019-03-06 06:28:12');
/*!40000 ALTER TABLE `friendship` ENABLE KEYS */;
UNLOCK TABLES;

--
-- Table structure for table `friendship_statuses`
--

DROP TABLE IF EXISTS `friendship_statuses`;
/*!40101 SET @saved_cs_client     = @@character_set_client */;
/*!50503 SET character_set_client = utf8mb4 */;
CREATE TABLE `friendship_statuses` (
  `id` int unsigned NOT NULL AUTO_INCREMENT,
  `name` varchar(150) NOT NULL,
  PRIMARY KEY (`id`),
  UNIQUE KEY `name` (`name`)
) ENGINE=InnoDB DEFAULT CHARSET=utf8mb4 COLLATE=utf8mb4_0900_ai_ci;
/*!40101 SET character_set_client = @saved_cs_client */;

--
-- Dumping data for table `friendship_statuses`
--

LOCK TABLES `friendship_statuses` WRITE;
/*!40000 ALTER TABLE `friendship_statuses` DISABLE KEYS */;
/*!40000 ALTER TABLE `friendship_statuses` ENABLE KEYS */;
UNLOCK TABLES;

--
-- Table structure for table `media`
--

DROP TABLE IF EXISTS `media`;
/*!40101 SET @saved_cs_client     = @@character_set_client */;
/*!50503 SET character_set_client = utf8mb4 */;
CREATE TABLE `media` (
  `id` int unsigned NOT NULL AUTO_INCREMENT,
  `media_type_id` int unsigned NOT NULL,
  `user_id` int unsigned NOT NULL,
  `filename` varchar(255) NOT NULL,
  `size` int NOT NULL,
  `metadata` json DEFAULT NULL,
  `created_at` datetime DEFAULT CURRENT_TIMESTAMP,
  `updated_at` datetime DEFAULT CURRENT_TIMESTAMP ON UPDATE CURRENT_TIMESTAMP,
  PRIMARY KEY (`id`)
) ENGINE=InnoDB AUTO_INCREMENT=4 DEFAULT CHARSET=utf8mb4 COLLATE=utf8mb4_0900_ai_ci;
/*!40101 SET character_set_client = @saved_cs_client */;

--
-- Dumping data for table `media`
--

LOCK TABLES `media` WRITE;
/*!40000 ALTER TABLE `media` DISABLE KEYS */;
INSERT INTO `media` VALUES (1,1,1,'quo',60,'{}','2011-10-16 07:25:57','2010-08-01 08:57:31'),(2,2,2,'autem',50200,'{}','2020-02-08 13:29:04','2013-12-11 08:09:56'),(3,3,3,'optio',1,'{}','2014-11-08 05:06:37','2019-12-19 05:46:08');
/*!40000 ALTER TABLE `media` ENABLE KEYS */;
UNLOCK TABLES;

--
-- Table structure for table `media_types`
--

DROP TABLE IF EXISTS `media_types`;
/*!40101 SET @saved_cs_client     = @@character_set_client */;
/*!50503 SET character_set_client = utf8mb4 */;
CREATE TABLE `media_types` (
  `id` int unsigned NOT NULL AUTO_INCREMENT,
  `name` varchar(255) NOT NULL,
  PRIMARY KEY (`id`),
  UNIQUE KEY `name` (`name`)
) ENGINE=InnoDB DEFAULT CHARSET=utf8mb4 COLLATE=utf8mb4_0900_ai_ci;
/*!40101 SET character_set_client = @saved_cs_client */;

--
-- Dumping data for table `media_types`
--

LOCK TABLES `media_types` WRITE;
/*!40000 ALTER TABLE `media_types` DISABLE KEYS */;
/*!40000 ALTER TABLE `media_types` ENABLE KEYS */;
UNLOCK TABLES;

--
-- Table structure for table `messages`
--

DROP TABLE IF EXISTS `messages`;
/*!40101 SET @saved_cs_client     = @@character_set_client */;
/*!50503 SET character_set_client = utf8mb4 */;
CREATE TABLE `messages` (
  `id` int unsigned NOT NULL AUTO_INCREMENT,
  `from_user_id` int unsigned NOT NULL,
  `to_user_id` int unsigned NOT NULL,
  `community_id` int unsigned NOT NULL,
  `body` text NOT NULL,
  `is_important` tinyint(1) DEFAULT NULL,
  `is_delivered` tinyint(1) DEFAULT NULL,
  `created_at` datetime DEFAULT CURRENT_TIMESTAMP,
  PRIMARY KEY (`id`)
) ENGINE=InnoDB AUTO_INCREMENT=1001 DEFAULT CHARSET=utf8mb4 COLLATE=utf8mb4_0900_ai_ci;
/*!40101 SET character_set_client = @saved_cs_client */;

--
-- Dumping data for table `messages`
--

LOCK TABLES `messages` WRITE;
/*!40000 ALTER TABLE `messages` DISABLE KEYS */;
INSERT INTO `messages` VALUES (1,1,1,1,'Qui officia possimus voluptatem fuga iusto autem. Ipsum consectetur culpa nihil omnis ad sapiente. Ut labore inventore blanditiis quo ipsum dolorum mollitia consequatur. Nihil enim id odit et.',1,1,'2012-08-28 09:52:54'),(2,2,2,2,'Fuga facilis eum architecto at exercitationem dolorem laudantium. Enim magni delectus voluptate omnis labore. Velit consequatur eaque tempore sequi nesciunt quam ut. Qui aut velit aut quo omnis.',0,0,'2017-08-22 14:21:19'),(3,3,3,3,'Ut velit aperiam quia quo ut non. Est modi ut laboriosam in sit. Est sed optio molestiae amet aliquam aperiam sed.',1,1,'2012-01-16 01:20:02'),(4,4,4,4,'Repudiandae et sunt eum voluptatibus mollitia omnis. Minus animi necessitatibus et voluptatem possimus et rerum dolorem. Iusto itaque voluptatibus quia. Aut voluptatibus modi molestiae perferendis quo in.',0,0,'2011-09-21 12:47:52'),(5,5,5,5,'Non ut blanditiis quisquam reprehenderit. Incidunt esse eos et architecto maiores. Beatae harum est molestias assumenda aut qui.',1,1,'2011-08-01 15:01:54'),(6,6,6,6,'Delectus quisquam doloremque qui est cumque. Praesentium quis nihil ut aut asperiores suscipit. Consequatur et deleniti expedita est itaque ad. Ut quis ipsam dolore nam.',0,0,'2012-06-28 21:38:41'),(7,7,7,7,'Aut commodi iusto voluptas sequi. Rerum ut voluptatem quo qui atque doloribus. Laboriosam neque laboriosam autem distinctio accusantium ea quo.',0,0,'2017-08-08 13:10:30'),(8,8,8,8,'Facere impedit doloribus expedita necessitatibus ut quidem facere. Sapiente sint est qui alias quibusdam aut. Nisi delectus est consequatur et sit.',1,1,'2013-05-21 12:35:24'),(9,9,9,1,'Cupiditate dolor quia ipsa. Laboriosam quidem aut libero atque aliquid eveniet. Quas rerum adipisci natus est. Pariatur velit dolor unde quae. Repellendus culpa soluta ipsa sint omnis.',1,1,'2017-11-07 21:39:59'),(10,10,10,2,'Esse velit neque beatae earum aspernatur. Excepturi deserunt debitis nemo dicta non omnis et molestiae. Cupiditate fugit consectetur dolor itaque.',0,1,'2014-10-15 20:21:10'),(11,11,11,3,'Non possimus hic ipsum placeat est autem. Sint quaerat distinctio quibusdam iste necessitatibus molestiae repellendus. Voluptas molestiae sapiente dolor. Perferendis error qui dolor eligendi dolorem asperiores.',0,1,'2020-03-16 11:18:02'),(12,12,12,4,'Sunt vel laudantium neque possimus voluptatem. Modi nobis fugiat nihil. Praesentium qui sunt voluptatem incidunt sint porro maiores.',1,1,'2010-06-15 14:03:57'),(13,13,13,5,'Consequuntur nesciunt consequatur perspiciatis voluptate nesciunt. Maiores inventore repellat qui labore. Quam enim cupiditate nihil et et dolor.',0,1,'2019-05-05 16:28:54'),(14,14,14,6,'Ipsam est aut tenetur amet. Consectetur dolorem minus dolorem est. Soluta hic aperiam vel. Quos quae et adipisci qui. Error et sit eligendi voluptas voluptas corporis.',0,0,'2013-04-13 07:01:36'),(15,15,15,7,'Porro neque laudantium non aut quam. A architecto sequi quis reprehenderit. Quia in voluptas sapiente voluptas eius. Adipisci fugiat qui officia corporis officia soluta rem.',0,1,'2017-05-04 06:47:09'),(16,16,16,8,'Et harum corrupti illo quia qui alias. Ad officia animi nihil fugit asperiores eum. Odit vitae similique ab esse qui qui. Praesentium nobis eum in nisi eveniet qui ut.',1,0,'2018-04-27 18:46:17'),(17,17,17,1,'Deleniti corrupti atque adipisci quis. Error eaque sint itaque sequi et voluptatem. Sequi iusto alias et sint cupiditate natus molestias. Hic eligendi rem amet quasi eaque sapiente.',1,1,'2010-12-21 07:01:39'),(18,18,18,2,'Et vel asperiores dolorum odit illo ad. Quia magnam id autem fugit illo consectetur autem deserunt. Sed rerum laboriosam ut maxime voluptas impedit.',0,1,'2015-06-28 14:46:27'),(19,19,19,3,'Magni adipisci voluptatibus occaecati maiores quas vitae. Aliquam sit perspiciatis velit ut velit enim. Itaque sed omnis repudiandae dolorem vero consectetur rem sit. Consequuntur quasi voluptas odit in quia.',0,1,'2020-01-08 07:36:31'),(20,20,20,4,'Placeat libero vitae iure asperiores qui. Sequi officiis sint in earum quia vitae.',1,1,'2019-01-22 12:16:48'),(21,21,21,5,'Doloremque sunt est dignissimos sint aliquam dignissimos dolorum. Aut nam tempora quidem pariatur a nihil laborum. Deleniti quia rerum magni ut earum eveniet minima. Autem ullam ut cupiditate dolore explicabo deserunt.',1,0,'2019-11-22 17:56:26'),(22,22,22,6,'Rerum et aut sit suscipit voluptatem commodi et. Ea quia tempora placeat reprehenderit. Error quasi corrupti mollitia molestiae quibusdam.',1,0,'2011-10-31 12:01:28'),(23,23,23,7,'Et rerum quam laudantium. Est quaerat rem dolorem reiciendis aperiam accusamus. Ut qui vitae recusandae aut alias.',0,1,'2016-04-07 03:51:08'),(24,24,24,8,'Fuga possimus et qui minima nihil. Commodi veniam enim neque modi doloremque nesciunt. Magnam sint incidunt officia ut iste. Excepturi a nobis quisquam sit dicta culpa pariatur.',1,0,'2018-05-04 02:49:18'),(25,25,25,1,'Perspiciatis voluptas eum nesciunt tenetur sit. Qui hic dolores similique sint alias. Ea autem perferendis voluptas ea. Eos sit vel quo ea.',1,0,'2013-01-29 00:26:04'),(26,26,26,2,'Earum iusto soluta saepe quas cum repudiandae laboriosam. Perspiciatis animi vel praesentium in qui. Nulla dolores eum ad quidem praesentium est. Omnis et est officiis distinctio quis dolor voluptates eveniet.',1,0,'2013-03-24 10:27:38'),(27,27,27,3,'Aliquid inventore numquam accusamus placeat. Consectetur fugiat occaecati natus amet dolores dolorum beatae. Enim aut repellat sit repellendus temporibus aut.',0,0,'2016-09-16 22:47:02'),(28,28,28,4,'Molestias rerum quod eligendi voluptas nesciunt accusamus nam. Vel mollitia dolorum sint vitae illum nam. Tempore eum reprehenderit sed aliquam consequatur reprehenderit.',1,0,'2019-07-05 11:01:01'),(29,29,29,5,'Unde amet maxime nihil aliquid sunt sint impedit. Saepe non unde qui dolore qui laboriosam quaerat. Et et qui non ipsum a.',1,0,'2016-08-29 12:53:27'),(30,30,30,6,'Dolorum qui sit quas impedit praesentium et. Nihil ratione culpa et odit. Aliquid aut excepturi molestias dolorum.',1,1,'2011-11-18 20:06:19'),(31,31,31,7,'Sequi sit aut est voluptatem pariatur porro. Quisquam perferendis sequi blanditiis ut ab sunt officiis. Adipisci sunt iusto architecto ipsum rerum harum. Iusto eaque culpa recusandae rem vero ducimus minima minima.',0,0,'2018-08-10 03:12:41'),(32,32,32,8,'Amet eaque beatae autem quos rerum deleniti veritatis nesciunt. Enim sed reprehenderit quod.',0,1,'2015-11-29 15:57:35'),(33,33,33,1,'Harum dolor ut exercitationem beatae. Dolorem rerum nam quasi. Et voluptates est velit voluptate beatae tempora ut. Et quasi debitis tenetur occaecati laborum.',0,0,'2019-07-30 15:41:16'),(34,34,34,2,'Qui accusantium quisquam iste cupiditate est. Voluptates tenetur molestiae accusamus aut alias. Odit voluptas aliquid velit ea quae perferendis.',0,0,'2017-09-17 22:52:16'),(35,35,35,3,'Adipisci assumenda repellendus adipisci quia qui commodi. Sapiente sunt et ipsam. Deleniti officiis quam quisquam velit voluptate nihil quia amet.',0,1,'2017-11-09 17:38:41'),(36,36,36,4,'Voluptatem sint eveniet odit omnis consequatur culpa quisquam mollitia. Neque blanditiis aut eos blanditiis. Dolores fugiat praesentium ullam molestias.',0,0,'2011-04-30 08:49:46'),(37,37,37,5,'Aliquam quia assumenda modi voluptatibus dolor corporis. Minus qui dolores quisquam repellat. Saepe exercitationem voluptas consectetur molestias illum. Perspiciatis ut porro doloribus.',1,0,'2012-11-20 23:44:07'),(38,38,38,6,'Laudantium minima fugiat earum dicta modi. Voluptates eius velit et ut quas et. Debitis dolorem culpa ex architecto dignissimos nostrum. Illum qui illum voluptatem debitis architecto molestiae officia.',0,0,'2014-05-13 16:13:19'),(39,39,39,7,'Alias autem esse voluptas doloribus iste enim ratione. Id odit harum ipsa molestias quis itaque possimus. Et consectetur vel veritatis ea voluptatem distinctio vel.',0,0,'2015-10-11 06:41:23'),(40,40,40,8,'Tempore quo reiciendis cupiditate deleniti voluptatum. Maiores eius consequatur et officiis et sed. Amet temporibus quo vel sunt vel non quasi. Ad reprehenderit vel quibusdam itaque voluptatem.',0,0,'2012-01-07 00:39:07'),(41,41,41,1,'In vel quia voluptates a ut autem dolor optio. Ea porro facere labore commodi eius mollitia. Nulla saepe laboriosam architecto a voluptas delectus. Voluptatem ut excepturi impedit asperiores nulla qui.',1,1,'2011-06-14 06:48:42'),(42,42,42,2,'Rerum eveniet pariatur omnis quod quos eaque. Voluptatem odit blanditiis nihil vero qui cupiditate. Provident autem ducimus omnis error aut qui quae omnis.',0,1,'2014-10-07 06:16:48'),(43,43,43,3,'Harum animi quis sapiente quasi suscipit perspiciatis error. Aperiam aut aut vitae explicabo et optio. Quia harum est ea nesciunt aut minima fugiat. Est quia et officia et dignissimos laborum reiciendis.',0,0,'2017-10-22 05:12:44'),(44,44,44,4,'Hic non repellat omnis nihil at eos adipisci. Est ratione ut vel voluptatibus. Et rerum aut iste possimus.',1,1,'2016-10-22 03:40:23'),(45,45,45,5,'Itaque rerum dolor sed voluptates dolorum fuga ipsum. Sit doloremque ex consequatur consequatur labore velit ratione non.',1,0,'2017-03-13 10:52:01'),(46,46,46,6,'Corrupti ea molestias repellat natus vel fuga. Officiis et facilis facilis minima sit. Eaque voluptatem praesentium enim vel cupiditate dolor aliquid. Aperiam corrupti perferendis eveniet iste.',1,0,'2010-10-25 15:54:06'),(47,47,47,7,'Laborum et quidem optio. Aut accusantium esse perferendis odio voluptates est iusto. Voluptates consectetur qui aut corporis illo. Quo mollitia et tempora vel eius ea aliquid.',1,0,'2019-02-19 09:15:31'),(48,48,48,8,'Alias placeat vel et in iusto. Dolores ut voluptates iusto aut iste. Qui ut sit modi eveniet ut exercitationem. Sunt veniam sint nam nihil non consequatur quos. Eum optio aut placeat autem.',0,1,'2017-05-05 09:16:52'),(49,49,49,1,'Voluptatem distinctio aspernatur consequatur et sed et et. Sit magni vero commodi libero modi molestias. Sunt fugiat repellendus nemo soluta. Adipisci dolorem quod maxime provident asperiores.',0,0,'2012-04-21 01:32:38'),(50,50,50,2,'Quis tempora amet occaecati beatae iure. Qui et consequatur a cumque repellendus officiis est laborum. Qui nesciunt maxime debitis.',1,0,'2017-01-08 18:54:51'),(51,51,51,3,'Quia quos velit maiores asperiores molestias in. Repudiandae labore hic qui rerum ullam vel distinctio. Aut tenetur magni quia ullam delectus quasi labore ut.',1,1,'2013-10-17 14:19:19'),(52,52,52,4,'Dolorem consequuntur magnam amet et atque. Mollitia veritatis est autem. Sequi atque quos aut enim aut. Sunt itaque repellat odio ratione aut numquam ut. Neque aliquam repudiandae non asperiores labore et non.',0,0,'2020-01-21 20:12:29'),(53,53,53,5,'Praesentium totam rerum iure aut eaque voluptatum deleniti. Commodi perferendis totam error esse animi. Magnam fuga quia quisquam expedita quibusdam. Nam impedit nesciunt facere numquam. Nisi velit ex ipsa eaque.',1,1,'2018-08-27 03:28:32'),(54,54,54,6,'Quod quia et quo sunt sed. Voluptate impedit odio et ad quia accusamus quas. Maiores architecto nisi dolorem itaque.',1,1,'2017-03-29 12:22:13'),(55,55,55,7,'Doloribus molestias explicabo ut veniam maiores sunt corporis. Dolorum error molestias et quae. Ex eius maxime repellendus veniam. Dolor porro ducimus expedita deleniti possimus voluptate.',0,0,'2011-06-23 21:54:18'),(56,56,56,8,'Dolorum molestiae porro distinctio eum dolore nulla et esse. Totam non temporibus vero. Et quam doloribus et aut.',1,1,'2014-01-27 15:47:13'),(57,57,57,1,'Cumque mollitia quisquam ut quod. Architecto ipsa perferendis natus libero. Quasi quia incidunt aut nemo animi.',0,1,'2019-01-26 11:39:21'),(58,58,58,2,'Alias occaecati qui minima earum occaecati temporibus. Corporis magnam adipisci nihil dolor voluptas. Modi saepe accusamus expedita amet et numquam. Quam repellat odit ut exercitationem voluptate ut. Itaque optio quo rerum voluptatum ad.',0,1,'2017-10-31 09:38:40'),(59,59,59,3,'Accusantium sed non in blanditiis exercitationem. Quasi voluptates iure eos quas perferendis laborum aut similique. Tenetur non et libero aperiam minus quasi hic.',0,1,'2016-03-05 08:01:05'),(60,60,60,4,'Ipsa et eligendi voluptates illo sit fugit est est. Fuga possimus reiciendis rem quisquam voluptatem. Est assumenda ab accusantium ut.',1,0,'2015-03-09 11:55:06'),(61,61,61,5,'Neque autem consectetur ut a odit. Sint aliquid consequatur quae iste molestias doloremque est molestias. Ratione placeat molestias aperiam necessitatibus ut excepturi non. Quidem id excepturi dolor quo accusantium illo.',1,1,'2019-08-26 00:37:49'),(62,62,62,6,'Aliquid aut autem similique sequi dolorum eos recusandae soluta. Error ut quo suscipit sed veritatis veniam. Quaerat consequatur laudantium ut molestiae culpa. Ut ut quasi aliquam laudantium enim laboriosam.',0,1,'2010-11-06 17:22:01'),(63,63,63,7,'Vel architecto odit distinctio vitae praesentium eos ut voluptas. Dicta et iure temporibus impedit sit ut quisquam. Qui id facere optio non velit.',0,0,'2019-07-14 08:25:38'),(64,64,64,8,'In dolores dolore soluta qui. Cupiditate autem sed consectetur. Distinctio odit vel id ut consequatur. Voluptas mollitia sit repellat rerum aspernatur.',0,0,'2017-09-26 12:41:17'),(65,65,65,1,'Temporibus laudantium eius eum blanditiis porro qui. Sed nobis aut voluptatem nobis consequuntur et. Debitis tempora veritatis est maiores et quod. Qui commodi dolor est fugit reprehenderit officia.',1,0,'2016-08-31 04:03:25'),(66,66,66,2,'Quaerat nisi laudantium minus aut delectus. Molestiae voluptatibus omnis similique eveniet fugit. Et culpa quas necessitatibus et.',1,1,'2017-08-29 18:57:28'),(67,67,67,3,'Et quisquam quo laboriosam et iste accusamus. Nobis inventore cum et numquam voluptatem dolores aperiam. Quas nesciunt aspernatur consequatur. Vel sed ut est quo beatae.',0,0,'2012-12-20 00:26:30'),(68,68,68,4,'Occaecati doloribus quia eaque numquam nihil consequuntur voluptatum. Accusantium repellendus nobis fugiat et similique. Aperiam qui sed aperiam voluptatibus et. Iure laudantium consequatur sapiente explicabo voluptatem repellat dolor modi.',0,1,'2018-12-18 12:18:34'),(69,69,69,5,'Eligendi quia tempore rerum hic nihil. In aliquid adipisci porro. Distinctio laudantium architecto quam vero. Voluptatem quos quia laudantium qui.',1,1,'2018-04-23 10:11:31'),(70,70,70,6,'Blanditiis est aliquid iste omnis provident. Natus fuga vero dolor et quo voluptas.',0,1,'2011-11-14 12:44:30'),(71,71,71,7,'Est vel in velit quia cum. Quia corporis maiores tempore et. Recusandae ipsa quisquam eum distinctio autem nihil aut.',0,1,'2013-07-07 02:27:18'),(72,72,72,8,'Earum sint ad aliquid aperiam. Culpa rem voluptatum aspernatur. Voluptas eos quibusdam vel.',1,1,'2010-06-26 06:07:47'),(73,73,73,1,'Unde molestiae et officiis in voluptatem. Sit laboriosam et atque soluta. Temporibus cumque molestiae rem. Optio omnis rem nobis ut quo reiciendis tempore.',1,1,'2017-08-31 19:03:46'),(74,74,74,2,'Voluptatum eligendi esse ut aut nobis exercitationem earum inventore. Rem incidunt laboriosam animi distinctio blanditiis. Blanditiis architecto consequuntur nulla dolores nobis dolorem porro.',1,0,'2017-10-10 12:34:09'),(75,75,75,3,'Quo quia minima corrupti ea ut dolores. A consequatur cumque ex numquam quia et sapiente est. Nam corporis blanditiis vel totam rem et.',1,1,'2015-12-25 18:07:49'),(76,76,76,4,'Aut dolore tenetur doloribus aspernatur consequatur voluptatem qui. Alias quia molestiae reiciendis aut. Ut quaerat ut perferendis consequuntur ut necessitatibus.',0,0,'2020-01-27 18:03:28'),(77,77,77,5,'Rerum exercitationem sed corporis quo accusantium. Eos necessitatibus consequatur omnis ea ea. Aut et aut ut sit nesciunt.',0,0,'2020-02-16 21:54:00'),(78,78,78,6,'Modi qui in illo ab. Voluptatem qui officia atque rerum iure doloribus. Harum dolorum aperiam et earum magni reiciendis hic earum.',0,0,'2014-02-26 00:20:50'),(79,79,79,7,'Accusantium in autem fugit commodi quasi consectetur. Non est sunt quae a ut. In qui ut voluptatem inventore. Sed vel amet maiores velit consequatur iste.',0,0,'2013-12-25 01:18:10'),(80,80,80,8,'Facere sed commodi nostrum modi nihil eum. Aut omnis totam quas ea ea. Ipsam odio temporibus occaecati perspiciatis a qui est pariatur. Magnam veniam impedit aut hic.',0,0,'2016-02-15 10:49:08'),(81,81,81,1,'Fugiat vitae est nisi rem nobis accusantium impedit. Quia consequuntur voluptas doloremque. Voluptatem aut rerum at mollitia eveniet omnis.',1,1,'2020-02-28 03:10:28'),(82,82,82,2,'Voluptas ducimus autem deserunt sit. Ipsum dolores esse laborum ut. Est eligendi aliquid ipsa aut. Exercitationem quo nihil ipsum non.',1,0,'2016-08-13 12:20:44'),(83,83,83,3,'Voluptas quo autem quod nemo. Accusantium nobis ea laborum quis. Libero commodi repudiandae quaerat qui sed deleniti. Maxime soluta officiis aut aut.',1,0,'2012-12-11 08:55:54'),(84,84,84,4,'Ut ab molestias iure dolorem. Et eos numquam sit alias. Architecto eveniet qui vitae illum ea quis. Facilis voluptatem dolores inventore similique fuga dignissimos exercitationem.',1,0,'2015-08-30 08:38:06'),(85,85,85,5,'Occaecati totam labore temporibus est esse omnis. Accusamus laborum cum expedita modi. Voluptate non delectus reprehenderit.',0,1,'2010-07-12 07:59:52'),(86,86,86,6,'Qui libero qui dolores velit. Recusandae accusantium perspiciatis dicta sapiente.',0,1,'2012-04-12 17:15:55'),(87,87,87,7,'Molestias voluptates eaque nobis enim soluta nam exercitationem dicta. Possimus officia ut at et ipsum. Consequuntur qui quos voluptas nulla. Delectus dolorum dolores ut.',0,0,'2013-05-10 05:38:53'),(88,88,88,8,'Consequatur debitis voluptatum dolorem. Aliquid quia consectetur quidem sint. Provident pariatur sapiente similique illo voluptates laudantium dolorum. Error in quae inventore amet laudantium. Qui dolores deleniti nobis neque.',0,0,'2015-03-28 16:59:51'),(89,89,89,1,'Quam aspernatur in ab autem accusantium qui facere. Cum nostrum porro omnis et veniam. Consequuntur quam nam soluta voluptates cumque. Sunt error corrupti quia sequi eos fugiat necessitatibus.',0,1,'2011-02-05 22:46:04'),(90,90,90,2,'Ab ad culpa voluptas doloremque. In delectus asperiores ut nihil itaque natus quisquam. Sed rem qui rerum repudiandae modi quos qui et.',1,0,'2015-08-24 18:08:20'),(91,91,91,3,'Vel est rerum beatae ab deleniti autem. Est esse quia est odio quia quibusdam quidem dolorem. Similique incidunt quia dolor hic voluptas optio.',0,1,'2014-03-14 19:02:14'),(92,92,92,4,'Cupiditate maiores ea architecto et est omnis voluptatum. Voluptatum possimus nam dolores quos placeat pariatur aut. Et sed quo quidem qui autem iure. Consequatur atque debitis rerum cumque.',0,0,'2020-02-24 23:57:08'),(93,93,93,5,'Consectetur distinctio aut suscipit ut veritatis dolorem exercitationem. Voluptate non qui et repellendus velit consectetur. Nihil quia consectetur maiores.',1,1,'2015-09-26 22:31:40'),(94,94,94,6,'Tempore impedit et ipsum. Repudiandae ipsam autem molestiae inventore odit expedita. Quas non fuga nobis vitae tempora. Culpa sunt et temporibus temporibus aut.',1,1,'2019-01-08 21:22:57'),(95,95,95,7,'Qui voluptatibus dolores voluptas. Illo et eveniet reprehenderit necessitatibus. Quae odit odit illo consequuntur.',0,0,'2014-10-13 13:54:49'),(96,96,96,8,'Non quaerat aliquam nihil ut voluptas nemo. Voluptas consequuntur corrupti voluptas totam. Modi iste ea doloremque culpa exercitationem qui.',0,0,'2017-10-10 18:23:55'),(97,97,97,1,'Iusto quasi magni dolorem mollitia. Sit itaque enim ea voluptatibus culpa. Numquam autem repellat sed enim aliquam.',1,1,'2016-03-06 00:00:22'),(98,98,98,2,'Aut sequi qui ullam aut et. Et atque ut nemo voluptas incidunt aut aut. Explicabo id eius doloribus sint est.',0,1,'2012-05-28 00:46:58'),(99,99,99,3,'Neque doloribus minus iure repellendus laborum. Ea tenetur quia recusandae et ex ab.',1,0,'2012-06-10 16:18:22'),(100,100,100,4,'Possimus amet neque praesentium eveniet. Non ea aut nulla vel nostrum et ea. Sit soluta ut facere.',1,0,'2019-06-24 03:06:41'),(101,1,1,5,'Voluptatum accusamus aut laborum quaerat maxime asperiores. Amet ad expedita tempora iusto at animi non quisquam. Eligendi et sed sit natus eius eum. Et voluptas illo eius dicta eum commodi. Rem magnam laboriosam in.',0,1,'2017-08-03 04:38:35'),(102,2,2,6,'Eum fugiat eum asperiores. Magni magni voluptatibus aliquid qui. Voluptas delectus delectus et et.',1,0,'2019-09-10 05:17:15'),(103,3,3,7,'Tempore aut omnis quam voluptatibus. Et dicta ducimus facilis unde nam sunt. Quos sit eos reiciendis esse quia tenetur.',1,1,'2019-11-29 17:03:29'),(104,4,4,8,'Qui vero quis impedit et tempora iure. Enim harum nemo officia fuga provident reprehenderit. Sint quia temporibus laboriosam laudantium odit.',0,1,'2014-02-13 13:13:35'),(105,5,5,1,'Nulla harum aspernatur at quis aut voluptas. Voluptas velit est quo ea. Et eveniet sint repellat odio accusantium perferendis et ullam.',0,0,'2016-01-28 02:25:07'),(106,6,6,2,'Tenetur voluptatibus culpa quidem aliquam sit facilis consequatur. Libero eum laboriosam illum explicabo commodi dolor. Atque quia deleniti laudantium quos sit fugiat.',0,0,'2020-01-06 06:54:19'),(107,7,7,3,'Voluptates quidem at voluptatem non qui quibusdam quasi. Velit adipisci aut ipsum dolor.',0,1,'2017-07-13 21:10:49'),(108,8,8,4,'Atque debitis rerum dignissimos voluptatem id facilis porro. Qui omnis delectus reprehenderit excepturi fugiat non delectus cum. Consequuntur sed qui unde tempora quo enim. Repudiandae et excepturi molestiae architecto eligendi vitae maiores.',0,1,'2014-07-25 01:45:50'),(109,9,9,5,'Quis illum et sed esse qui. Aut est rerum a minima nihil nobis sint. Quasi suscipit suscipit quaerat soluta eaque.',1,0,'2013-08-17 21:46:22'),(110,10,10,6,'In ipsa dignissimos maxime sunt veniam. Quo harum magni adipisci nostrum eveniet est aut veritatis. Quisquam et in sapiente qui.',1,1,'2019-09-17 12:35:04'),(111,11,11,7,'Ipsam id magnam dolor eaque et qui. Voluptate molestiae quia voluptatem excepturi ut. Iusto dolore possimus quas.',1,0,'2015-05-26 11:53:20'),(112,12,12,8,'Asperiores rerum qui eum sapiente odio. Provident necessitatibus iure eveniet nemo quidem. In quisquam saepe rerum est voluptatibus aut. Voluptatibus eius nam blanditiis soluta. Velit natus qui et autem dicta animi aut sunt.',1,0,'2018-03-05 00:45:27'),(113,13,13,1,'Atque laudantium quod quos ullam consequatur. Tempore in accusamus vel et dolorum fugiat aut. Omnis qui vel ea.',1,0,'2019-04-06 18:19:02'),(114,14,14,2,'Nesciunt ullam neque et. Error laboriosam repellendus expedita officiis velit numquam. Et dolore beatae quia autem. Eaque corporis atque aut corrupti modi in.',1,1,'2018-02-04 13:03:02'),(115,15,15,3,'Laborum doloribus nihil laudantium velit dolorem quis velit. Ut enim sit vel facilis.',0,1,'2015-01-20 01:52:46'),(116,16,16,4,'Delectus itaque qui porro enim deleniti. Occaecati inventore accusamus recusandae voluptatem a. Beatae ut eius totam dolore.',1,0,'2013-10-06 12:11:44'),(117,17,17,5,'Voluptas omnis voluptatem non voluptatem assumenda est inventore. Tenetur fuga architecto qui culpa necessitatibus. Id perferendis voluptatibus ut odio. Rerum deserunt suscipit dolores expedita.',0,1,'2020-02-03 11:57:11'),(118,18,18,6,'Non ut id autem et. Ipsum qui sunt impedit consequatur quasi deleniti et. A sed temporibus illo deserunt. Repudiandae officiis possimus iste.',0,0,'2012-03-22 17:41:54'),(119,19,19,7,'Neque est et perferendis ea. Est debitis blanditiis quas debitis molestiae ipsum omnis. Reprehenderit nobis voluptas est voluptas asperiores.',1,0,'2016-08-08 23:47:11'),(120,20,20,8,'Consectetur excepturi esse beatae sit occaecati ut facere culpa. Porro eos aliquid fuga ut assumenda molestias aut. Nesciunt impedit assumenda dolore et perspiciatis est. Adipisci qui laudantium exercitationem amet nihil dignissimos quo.',1,0,'2014-06-01 23:51:01'),(121,21,21,1,'Dolores similique delectus corporis. Est iusto voluptatem iusto maxime modi tempore tempora. Sed libero est consequatur tempore molestiae. Voluptatibus et nobis et corporis id.',0,0,'2019-02-10 08:21:43'),(122,22,22,2,'Voluptatem quis ipsum nihil aut. Voluptatem esse vel excepturi sapiente ipsam distinctio numquam omnis. Et aut assumenda non.',0,0,'2020-04-01 15:39:39'),(123,23,23,3,'Omnis totam dolorem est fuga amet dolorum. Qui repellat ex dolorum dolores nostrum quos deserunt. Delectus tempora facere quis.',0,1,'2014-06-03 09:55:58'),(124,24,24,4,'Consequatur a eaque et at itaque nulla. Voluptatum fugiat similique nesciunt et. Eos enim eum et et. Aut accusantium adipisci autem.',0,1,'2011-11-14 19:38:21'),(125,25,25,5,'Blanditiis harum vitae et et quo sunt. Officiis voluptatem sunt animi minima error. Incidunt sit laboriosam voluptatibus quidem. Autem ea quis fugiat hic laborum voluptatem.',1,0,'2016-01-04 10:00:24'),(126,26,26,6,'Velit id adipisci est cum earum rerum. Autem qui harum eligendi. Blanditiis ex dolores qui molestiae animi omnis consequatur alias.',0,1,'2012-03-25 15:33:20'),(127,27,27,7,'Eligendi nam qui quo blanditiis voluptatem quam ea. Labore temporibus ut ut consectetur aliquam provident. Excepturi nesciunt molestiae ullam laboriosam dolores voluptate nemo dolorum. Voluptas aut magni sequi.',0,1,'2017-03-22 11:12:42'),(128,28,28,8,'Quos eaque voluptas repellendus temporibus. Molestiae sunt voluptatibus aliquid.',1,0,'2017-11-06 18:12:13'),(129,29,29,1,'Quidem quibusdam placeat nemo esse molestiae debitis tempore minus. Error expedita saepe nobis temporibus id rerum eos. Expedita alias occaecati sunt.',0,1,'2011-11-20 10:02:08'),(130,30,30,2,'Ullam culpa fugit aspernatur deleniti ut vel sit. Et minima eos fuga unde dolorum. Odit nesciunt at labore nobis minus et quisquam. Dolor doloribus non et aut.',0,1,'2019-09-27 22:06:43'),(131,31,31,3,'Quo dolor nulla voluptates cum occaecati non ipsam. Quibusdam qui omnis mollitia quis saepe sit deserunt dolorum. Voluptatem veritatis eum ullam.',0,1,'2018-02-25 22:30:18'),(132,32,32,4,'Eligendi nulla voluptatem nihil veniam quia eum. Nobis blanditiis eaque dolor tempore consequuntur.',1,0,'2015-06-15 17:20:37'),(133,33,33,5,'Quis rerum aspernatur repellendus est non omnis sint. Tempore iste facere magnam perspiciatis totam. Et ut iste porro dolor voluptatem est. Id adipisci quibusdam exercitationem et quasi suscipit. In enim deleniti et rem.',0,1,'2011-10-02 16:21:42'),(134,34,34,6,'Velit culpa distinctio autem quam velit. Nostrum expedita aut culpa animi quidem distinctio. Aut sed magnam non quidem quas. Explicabo enim consectetur enim velit commodi voluptatem rem.',1,0,'2015-02-24 20:58:08'),(135,35,35,7,'Quia expedita dolore et corporis vero minima rerum. Voluptatem nobis eveniet quas et a sunt. Est dolor architecto ad doloribus.',0,1,'2018-09-03 17:59:52'),(136,36,36,8,'Quae culpa qui nobis ut. Officia et eos ad explicabo aut. Ipsa ut consectetur sit suscipit occaecati.',0,0,'2018-05-24 05:07:27'),(137,37,37,1,'Delectus libero at sint rerum. Fuga rem accusantium odio vel illo aliquid et non. Omnis sit voluptas magni quam facilis.',0,0,'2016-07-07 09:56:42'),(138,38,38,2,'Eligendi eos ducimus maiores aut est quibusdam mollitia. Laboriosam aliquam nobis aliquam. Laudantium numquam quod enim sit eos laudantium. Maxime debitis quidem pariatur voluptates.',0,0,'2014-06-01 06:02:40'),(139,39,39,3,'Accusantium facilis ut quasi modi voluptas. Consequatur maxime debitis accusamus pariatur natus in. A illum asperiores a minima repellat ut totam.',0,0,'2013-01-19 05:28:39'),(140,40,40,4,'Commodi aspernatur ea ducimus dolorem. Blanditiis accusantium autem error. Quis quisquam qui doloribus nostrum. Laboriosam neque sunt in sunt eum.',1,0,'2014-09-30 14:34:49'),(141,41,41,5,'Debitis omnis molestiae consequatur nemo. Non voluptatem sit eos velit nam harum vitae voluptates. Natus molestias repellat sapiente ea est. Consequuntur sunt expedita eius rerum est est.',0,0,'2018-12-25 22:40:39'),(142,42,42,6,'Occaecati sit vel et velit et. Aliquid eum natus ut vitae sint aut dicta.',1,0,'2010-05-23 06:03:39'),(143,43,43,7,'Ea ipsam illo quas exercitationem. Quis dolorum perspiciatis sed veniam. Reiciendis vero voluptatibus quibusdam fugit in itaque.',1,1,'2014-07-19 08:29:38'),(144,44,44,8,'Qui dolorem recusandae repellat et occaecati. Ad in qui accusamus. Incidunt eaque voluptas accusamus at in nisi similique. Laboriosam qui eum doloremque mollitia eum.',0,0,'2011-05-20 21:42:01'),(145,45,45,1,'Consequatur numquam eius aut suscipit aut fuga expedita. Est enim reprehenderit veritatis beatae nihil officia. Odio et cupiditate totam est repellendus.',0,1,'2020-03-27 23:48:09'),(146,46,46,2,'Et vel facilis possimus debitis fugit. Voluptas iste non esse eos. Ut illo nihil quia odio mollitia quaerat. Consectetur eaque accusantium sit nemo perspiciatis nisi.',1,1,'2016-10-02 16:51:40'),(147,47,47,3,'Ipsa occaecati aut soluta. Molestiae quo ducimus distinctio aliquid hic. Suscipit cupiditate molestias dolorum voluptas est.',1,1,'2016-02-04 17:43:16'),(148,48,48,4,'Cupiditate maiores quam at. Laboriosam et quas atque. Qui neque non delectus dolore qui est tempora. Quia qui animi quo tempora et.',1,1,'2018-08-08 09:48:19'),(149,49,49,5,'Labore rerum hic exercitationem eum omnis dolorem. Quasi eligendi aperiam nulla blanditiis. Quaerat enim mollitia vitae rem ut autem.',1,0,'2011-09-05 08:02:59'),(150,50,50,6,'Sed ut ad quia dolorum. Facere minus non officia velit. Libero voluptatem velit enim aut quia quia voluptatem est. Blanditiis repudiandae laboriosam nostrum enim omnis quibusdam explicabo et.',1,1,'2013-02-19 08:26:34'),(151,51,51,7,'Harum quaerat quaerat laboriosam nemo. Quaerat dolor amet modi voluptatem. Ut enim qui asperiores consectetur veritatis molestiae.',1,0,'2014-09-17 06:12:30'),(152,52,52,8,'Error non cum dolor molestias voluptatem nesciunt. Officia aut et dignissimos aut. Modi sed error voluptas tempore assumenda omnis.',0,0,'2018-10-29 01:46:58'),(153,53,53,1,'Delectus quibusdam id pariatur nemo aliquam omnis. Laudantium ratione et enim quo.',1,1,'2018-09-05 19:35:26'),(154,54,54,2,'Dolores atque aperiam voluptas. Cumque veniam aspernatur quaerat perferendis commodi perspiciatis sequi. Modi similique possimus dicta est maiores qui impedit. Iste suscipit commodi nemo sed dolorum tempore minima.',0,1,'2018-08-01 11:17:21'),(155,55,55,3,'Tenetur repudiandae ratione dolores. Fugiat minus inventore maxime occaecati. Incidunt itaque laudantium nihil omnis natus. Labore eius iste quia commodi accusamus aut.',0,1,'2012-11-22 04:31:32'),(156,56,56,4,'Soluta quis rerum et pariatur ut. Fuga voluptatem rerum quia est nihil. Sit officiis asperiores dolores consequuntur eum optio.',0,0,'2015-07-16 06:30:52'),(157,57,57,5,'Placeat reiciendis facilis quo. Sunt aut qui magnam omnis voluptates officia nulla deleniti. Fuga provident eum totam. Eius sit et consequatur veniam corporis voluptate.',1,0,'2018-12-23 19:43:14'),(158,58,58,6,'Ea fugit natus facilis omnis tempora ad. Aut et et repudiandae expedita. Praesentium deleniti nihil voluptatem nemo enim eum quam.',1,1,'2011-07-06 13:46:24'),(159,59,59,7,'Autem sunt odio iusto sapiente dolore est. Et vitae ratione ut praesentium. Incidunt autem velit voluptate in. Eveniet molestiae doloribus iure sed et numquam.',1,0,'2012-01-07 19:12:51'),(160,60,60,8,'Fuga magni sint placeat accusamus vero. Maiores itaque ut voluptatum reiciendis et. Accusamus ut sunt alias architecto hic voluptatem vero.',1,1,'2012-02-11 10:48:47'),(161,61,61,1,'Vero optio consequatur nisi qui pariatur omnis. Iure assumenda debitis numquam sequi eaque est qui. Rem expedita magnam tempora temporibus consectetur. Magni est voluptatem nemo.',0,0,'2011-08-27 16:37:21'),(162,62,62,2,'Aspernatur vel quis sequi facere. Est quia dolor sit recusandae. Dolorem delectus fugiat amet explicabo quia. Quibusdam molestiae voluptatem aut.',0,0,'2018-08-18 06:47:17'),(163,63,63,3,'Voluptas eum nulla perspiciatis consequuntur sit sed. Impedit id eos ut consequatur optio vel. Hic illum fugit doloremque quis occaecati quae explicabo.',0,1,'2018-09-24 20:48:59'),(164,64,64,4,'Dolores voluptatem cumque eaque rem provident. At impedit minus quo illo corporis. Quisquam nisi et velit. Praesentium rerum eius blanditiis natus.',0,1,'2013-05-16 17:27:34'),(165,65,65,5,'Vitae et ab in aliquam. Culpa vitae aspernatur consequuntur in. Dolor et sint est dolores quod autem. Non eos repellendus vitae soluta aperiam itaque qui.',1,0,'2019-03-26 14:26:21'),(166,66,66,6,'Et praesentium autem et nulla sit. Iusto quia quia commodi animi laboriosam qui rerum in. Quia aut nihil labore ut. Et quia qui hic similique sunt quia.',1,1,'2012-04-30 02:56:59'),(167,67,67,7,'Similique perspiciatis tempore iure fugiat consectetur tempore. Sed molestiae doloribus totam voluptas maxime in. Sequi necessitatibus ut architecto in aliquid reprehenderit. Error quia repellendus ut ullam. Ullam adipisci similique voluptas maiores at sit totam et.',1,1,'2013-03-18 01:59:43'),(168,68,68,8,'Id voluptate hic et veniam. At unde esse at. Atque non numquam quis tempore velit quas. Ipsum dolore reprehenderit aut enim sint dolorem.',1,1,'2016-02-26 17:24:16'),(169,69,69,1,'Et est tempore dolorem porro consectetur. Est praesentium non illum qui omnis doloremque veritatis. Ab voluptatibus ipsa dolor fugiat facilis sit. Recusandae qui eveniet in tenetur consequatur quo.',1,1,'2018-06-28 03:20:53'),(170,70,70,2,'Perferendis consequatur aliquam magnam et aut. Distinctio ut sit quaerat autem quasi numquam. Tempore asperiores occaecati similique repellendus eum.',0,1,'2010-08-06 10:25:30'),(171,71,71,3,'Dolorem sit magni est praesentium reiciendis dolorem voluptates. Dolore dolorem placeat blanditiis eius nihil.',1,1,'2010-06-15 19:28:53'),(172,72,72,4,'Et aliquam eum aspernatur. Consequatur voluptas sapiente eligendi porro error. At voluptatem et atque veritatis quisquam eveniet doloribus. Et possimus porro et magni vel fuga.',1,0,'2011-09-28 09:08:38'),(173,73,73,5,'Ipsa non eveniet pariatur pariatur sed qui dolores. Quam quam consequatur eveniet consectetur ratione consequatur. Optio aut esse repellat quo eos ut. Consectetur consectetur quo repellendus aut voluptas eos laudantium.',1,0,'2014-11-02 11:53:08'),(174,74,74,6,'Rerum qui temporibus sunt repellendus iure exercitationem. Velit sunt omnis ut illo laborum sint necessitatibus. Voluptatem voluptates perspiciatis occaecati ut qui quia sapiente. Et cum cumque accusantium totam.',0,1,'2018-06-13 20:00:34'),(175,75,75,7,'Sunt dolor non deserunt sint. Eius nam accusantium possimus ipsa amet. Esse et quos eligendi. Tenetur a qui id sequi.',1,1,'2014-05-04 15:41:07'),(176,76,76,8,'Officia quo repellendus atque tenetur reiciendis. Voluptatibus qui dicta minima provident voluptatibus ut officiis. Praesentium dolore et aut tenetur.',0,0,'2013-04-03 06:16:32'),(177,77,77,1,'Et ut deserunt id rem architecto iusto fugit. Consequatur suscipit voluptatem reiciendis tenetur. Sequi error porro eos corporis.',1,1,'2013-07-04 05:20:23'),(178,78,78,2,'Ad quidem omnis fugiat quia delectus neque voluptas. Delectus incidunt non et reiciendis dignissimos nostrum cumque.',0,0,'2016-07-11 02:57:22'),(179,79,79,3,'Rem temporibus nihil nihil facere est omnis molestias. Accusamus in quibusdam doloribus ea. Magni laudantium repellendus accusantium commodi eaque aut iusto. Et qui omnis vel ab officiis.',1,0,'2013-04-23 22:57:06'),(180,80,80,4,'Culpa sed voluptatibus impedit et id tempora. Quaerat ducimus facilis molestiae. Expedita aperiam magni aut non. Quas atque enim qui qui doloribus nihil.',1,0,'2010-09-17 08:26:29'),(181,81,81,5,'Neque aliquam ratione iure ut alias illum. Voluptas et quibusdam blanditiis voluptatem nesciunt. Voluptatem deleniti saepe dolorem quod. Voluptas est adipisci enim deleniti nulla soluta quis.',1,0,'2011-06-25 01:49:05'),(182,82,82,6,'Similique atque corrupti veritatis atque velit totam. Reprehenderit qui cupiditate ut vitae et quaerat illum. Voluptates culpa vel laborum qui commodi.',1,0,'2020-02-01 10:29:23'),(183,83,83,7,'Quos sequi cupiditate iure velit. Quis dignissimos repellat qui nihil. Esse inventore expedita commodi placeat non nemo minus.',0,0,'2018-07-24 04:54:41'),(184,84,84,8,'Dolores deleniti explicabo qui quaerat asperiores aspernatur assumenda. Officiis qui ipsa impedit delectus consectetur. Et eum omnis sit. Nihil autem repudiandae quis quia consequatur aut.',0,1,'2020-03-29 17:21:56'),(185,85,85,1,'Inventore nihil nisi adipisci omnis molestiae possimus aliquam. Consequatur architecto at dolore. Quia et laborum accusantium tenetur aliquid et ab.',1,0,'2017-10-01 08:02:00'),(186,86,86,2,'Officia ut in optio voluptatem reiciendis et. Quo corrupti ipsum quae et exercitationem rerum iure id. Assumenda exercitationem aut culpa aut.',1,0,'2019-06-23 21:07:38'),(187,87,87,3,'Voluptatum et incidunt ut culpa deserunt est. Sunt blanditiis dolor alias est repudiandae. Asperiores eveniet consequuntur quis qui.',0,1,'2010-09-04 01:34:23'),(188,88,88,4,'Qui itaque praesentium delectus ea. A voluptas ea occaecati aut.',0,1,'2013-02-07 17:12:49'),(189,89,89,5,'Explicabo commodi laborum in eius. Voluptate voluptatem nulla vitae molestiae. Voluptate quibusdam placeat sint fugit fugit sint aperiam.',1,0,'2013-11-02 02:25:22'),(190,90,90,6,'Aut dignissimos quas sit ea. Consequatur ut officiis omnis libero aut eveniet qui. Quis id officiis vero dolorem.',1,1,'2017-03-14 08:10:38'),(191,91,91,7,'Aut minima eos sunt architecto sit ipsum pariatur. Temporibus minus ea aut illo et officia velit.',1,0,'2011-12-14 07:53:03'),(192,92,92,8,'Dolores eius dolores est natus molestiae itaque qui. Nihil neque qui dolore nesciunt rerum. Odit quaerat voluptatem ad explicabo nam iusto consequatur. Quis iure ut aperiam error.',1,0,'2015-02-07 00:56:22'),(193,93,93,1,'Ut totam dolores deleniti debitis. Architecto magnam et sunt quam est dignissimos. Quis neque nulla ipsam quasi ea.',0,0,'2010-07-28 08:39:17'),(194,94,94,2,'Ipsa illum enim sed autem. Quas omnis modi iusto voluptates odit neque dolorem aut. Maiores ut rerum ut quasi quo omnis assumenda.',1,0,'2011-04-23 08:55:27'),(195,95,95,3,'Dolores eligendi alias ut et non dolores labore. Aspernatur est nostrum reprehenderit quia blanditiis. Recusandae sint ut a sit.',0,1,'2017-06-26 15:49:27'),(196,96,96,4,'Omnis rem rerum autem asperiores inventore iusto sit. Incidunt eum fugit dolore et possimus voluptas. Vel vitae iusto illum consequatur accusantium sed. Quae est qui optio consequuntur dolorem earum nostrum est.',1,0,'2012-11-21 18:05:25'),(197,97,97,5,'Pariatur error iste debitis inventore ut. Eos minima eius accusantium qui. Vel aperiam est expedita praesentium. Placeat fuga dolor sint perspiciatis voluptas reprehenderit non.',0,0,'2015-01-06 10:01:35'),(198,98,98,6,'Atque dolorum quia quis voluptatem totam. Debitis sapiente asperiores qui neque voluptas maiores. Explicabo consequatur at adipisci veritatis iusto. Asperiores optio vitae eos praesentium eum qui repellat voluptas.',1,0,'2011-02-06 20:48:35'),(199,99,99,7,'In at odio assumenda assumenda. Dolorem autem sunt itaque aut quod. Sit labore soluta quibusdam ut impedit et aut.',0,1,'2017-04-13 21:30:45'),(200,100,100,8,'Explicabo explicabo et eum sit placeat et quod veritatis. Pariatur esse dolor sed placeat alias fugit. Aut et consequatur non reiciendis officiis et.',1,1,'2016-06-02 03:55:30'),(201,1,1,1,'Eligendi a quas vel minus. Placeat ut cum et perspiciatis. Quaerat delectus voluptatem delectus molestias.',0,1,'2010-11-24 15:40:01'),(202,2,2,2,'Id quia quaerat delectus sint dolores rerum. Eos pariatur debitis rerum laborum sunt. Dicta sequi at cumque qui totam veniam fugit. Veniam et commodi autem ipsa deleniti odit sed.',1,0,'2011-11-14 08:13:21'),(203,3,3,3,'Itaque voluptas in tenetur. Animi inventore hic est pariatur omnis.',1,1,'2016-02-03 15:25:19'),(204,4,4,4,'Delectus aspernatur ullam rerum eaque. Sit id nihil quos repellat nobis culpa. Ullam voluptas maiores voluptatem itaque eius est.',1,0,'2019-05-03 22:40:07'),(205,5,5,5,'Reprehenderit sint sed et est voluptatum. Doloremque et et aliquid cumque quod sint. Fugit cupiditate fugiat ullam unde aut distinctio. Animi ratione occaecati ut aperiam.',0,0,'2010-12-04 08:08:26'),(206,6,6,6,'Inventore sint magni reprehenderit aliquid minima incidunt autem. Velit modi doloremque ea. Quia suscipit deleniti dolore ducimus fuga tempora.',1,1,'2018-08-20 23:00:40'),(207,7,7,7,'Quia magnam accusantium omnis omnis voluptatem. Esse et vel debitis laudantium voluptatem ut. Rem nemo odio ipsum rem. Animi velit aut accusamus aut commodi.',1,1,'2019-01-15 09:37:54'),(208,8,8,8,'Nulla consequatur corporis voluptatem dignissimos repellat dolor. Totam ex perspiciatis facilis labore. Qui unde quasi perspiciatis numquam est magni et.',0,1,'2014-06-08 16:17:49'),(209,9,9,1,'Voluptas sit voluptate sed reiciendis. Sunt saepe qui iste est. Quibusdam vel facilis architecto dolore sunt fugit sit. Labore est adipisci neque totam.',0,1,'2020-04-10 03:18:56'),(210,10,10,2,'Perspiciatis maxime reprehenderit non tenetur atque a aut. Cumque et nulla sed cupiditate labore. Natus unde rerum qui nemo.',0,0,'2012-12-03 17:17:06'),(211,11,11,3,'Ea eos natus doloribus perspiciatis minus occaecati illum. Voluptatem et aut dolore dignissimos blanditiis aut animi impedit. Assumenda nostrum tempora sunt qui. Totam quasi et sint.',1,1,'2014-08-14 00:38:04'),(212,12,12,4,'Deleniti ut corrupti ullam ex quisquam. Quasi rerum est quae ut. Consectetur dolores temporibus magni delectus. Praesentium molestias voluptatem aut libero maxime.',1,1,'2014-03-22 14:10:30'),(213,13,13,5,'Ut sit minus et similique dolore quas ipsum. Dolores error beatae sed non illo eius odit. Ipsum eos ipsum consectetur magnam hic autem et.',0,1,'2015-04-15 09:46:32'),(214,14,14,6,'Mollitia dicta et aut fuga eius nostrum nesciunt harum. Necessitatibus hic aspernatur fugiat mollitia non. Omnis maxime sapiente quis error est nisi voluptates architecto.',0,0,'2018-10-29 03:59:27'),(215,15,15,7,'Ex similique autem qui omnis incidunt molestiae. Iure ut dicta blanditiis provident consequatur. Quae doloribus reprehenderit animi aut ratione vero quaerat. Doloremque ducimus recusandae eligendi quo consequatur sit perspiciatis iure. Deserunt quod fugiat sed voluptatem necessitatibus sed vel.',1,1,'2010-08-31 10:35:49'),(216,16,16,8,'Fuga praesentium fugit incidunt quasi. Eos repellat magni repudiandae et labore est. Et sed dolorum numquam est sit unde.',1,0,'2017-12-17 02:21:47'),(217,17,17,1,'Ipsam at consequatur quo fugiat praesentium enim consectetur. Quaerat debitis id inventore sint eveniet debitis. Voluptatem est et quos blanditiis rerum. Et expedita saepe ipsam delectus omnis officia.',1,1,'2013-06-23 16:33:56'),(218,18,18,2,'Ut debitis doloribus ut voluptates dolores. Impedit minus sequi delectus sit ut consequuntur rerum. Praesentium eos nostrum nobis aliquid. Eaque et similique provident natus sit soluta.',1,1,'2012-02-27 05:54:26'),(219,19,19,3,'Totam excepturi voluptate vel. Ut aliquid accusantium ipsum quasi ipsa. Explicabo at vero deserunt voluptate totam et magni.',0,0,'2010-12-23 12:07:20'),(220,20,20,4,'Voluptas est accusamus incidunt. Aspernatur nihil sit necessitatibus aut. Quis vitae repudiandae velit voluptas molestias omnis id. Placeat sint minus quod voluptas non minima qui.',1,1,'2014-04-03 22:39:16'),(221,21,21,5,'Repellendus veniam voluptas at natus earum rem. Perferendis et unde modi possimus ut laborum repellendus. Sed omnis ut reiciendis quidem. Quia in et atque sint. Officia vel reprehenderit velit.',1,0,'2015-02-08 23:00:09'),(222,22,22,6,'Sint aut quidem ut tempore dolores accusamus corporis. Voluptatem aliquam molestiae autem aspernatur. Accusamus ex delectus sint maxime et sed. Animi earum sint voluptatem veritatis rem id accusamus.',1,1,'2015-01-20 22:31:35'),(223,23,23,7,'Harum a dolor voluptatem vero doloribus. Laudantium aut autem quisquam cum eum eaque est. Et voluptatem cum quam consequatur cupiditate.',1,0,'2020-02-02 02:10:15'),(224,24,24,8,'Sint est et molestiae et ut et dicta quasi. Rem corporis est culpa corrupti totam. Velit corrupti maiores natus nulla dolores illum.',1,1,'2014-05-16 15:58:14'),(225,25,25,1,'Porro eligendi sequi nam quod totam veniam. Neque eveniet consequatur autem et aut est est. Ut debitis ea et est. Natus omnis omnis ea minima iste maiores recusandae vero. Aut voluptatem ipsam quae adipisci est rerum molestiae.',0,1,'2019-03-10 11:29:59'),(226,26,26,2,'Ad labore ut dolores ipsa. Et facere reprehenderit sunt. Doloribus deleniti vero repudiandae cupiditate et eveniet sed.',1,1,'2013-10-23 11:33:15'),(227,27,27,3,'Quae praesentium ipsam magni ipsum eaque ipsa vitae. Libero quisquam et aut. Dolor ducimus exercitationem esse labore accusamus sed. Sit voluptatem incidunt dolores maiores voluptate quo qui tempora. Et error culpa saepe eaque necessitatibus similique.',0,0,'2018-06-19 01:50:17'),(228,28,28,4,'Eligendi libero voluptatem quis quia. Sed et vitae rerum nostrum dolores dignissimos voluptas. Natus consequuntur voluptatum quibusdam error.',1,1,'2014-05-11 21:46:33'),(229,29,29,5,'Eos odit qui corrupti ut. Qui neque non vitae id qui perspiciatis aut.',1,0,'2018-03-09 10:21:07'),(230,30,30,6,'Et id aut ut repudiandae. Quos aut a quam. Sunt ratione qui est eum.',1,0,'2012-05-30 16:08:00'),(231,31,31,7,'Eius molestiae voluptas ipsa omnis expedita voluptatem eum. Aspernatur molestias praesentium esse autem et distinctio. Earum ut vel voluptatem voluptatum et et iusto. Velit quaerat et velit omnis repellat aut aut delectus.',1,0,'2011-06-22 00:32:52'),(232,32,32,8,'Repellat sint omnis eos consequatur ut autem pariatur alias. Aliquam non expedita ut ea ut repellat. In velit perspiciatis consectetur modi qui necessitatibus voluptate. Quo ipsa temporibus velit totam ex totam eum. Quae omnis reprehenderit quia maiores quidem quia officia.',1,1,'2012-12-02 11:34:06'),(233,33,33,1,'Sed omnis repellendus natus hic. Et sunt incidunt atque explicabo numquam earum minus amet. Ut laborum pariatur dolorem dignissimos.',1,0,'2016-04-11 11:49:03'),(234,34,34,2,'Asperiores eos iste consequatur quia earum. Aperiam possimus qui adipisci occaecati. Vitae rerum aspernatur aliquid adipisci dolores. Asperiores nisi perspiciatis ad consectetur magni quisquam.',1,1,'2011-02-22 13:45:49'),(235,35,35,3,'Sunt explicabo quibusdam delectus cum molestias et consequatur. Quam amet omnis quae. Sed aliquid vero quae quidem ut. Inventore est aliquid sed id qui.',0,0,'2012-07-22 20:16:28'),(236,36,36,4,'Dolore necessitatibus ut magnam repellendus quis quas asperiores voluptatibus. Aut labore ea quia sed sunt aut nulla sed. Ad officiis reiciendis at porro soluta eum. Ut ipsa quia illum et corrupti. Ducimus quaerat illo quis at ea eos atque.',0,1,'2011-07-21 17:33:45'),(237,37,37,5,'Suscipit facilis sequi libero atque eum aspernatur. Et nihil ipsum dolorum sit optio. Quos vero tempore asperiores similique. At itaque esse deserunt fugit.',0,1,'2014-04-09 23:39:00'),(238,38,38,6,'Excepturi accusantium quas ut. Consequatur blanditiis autem id provident et. Illo cumque quam sunt magni error qui. Est est voluptatem provident error.',0,0,'2019-07-29 16:36:43'),(239,39,39,7,'Veritatis error amet quasi ipsam doloremque quibusdam. Molestiae pariatur et eos. Ut harum sint inventore et ea.',1,0,'2019-08-05 09:10:53'),(240,40,40,8,'Qui non quidem sed alias. Assumenda et sit qui fuga eveniet.',1,1,'2020-03-22 09:32:50'),(241,41,41,1,'Vitae perferendis at omnis ducimus ea. In at magnam consequatur blanditiis. Asperiores et dolores qui eius exercitationem. Ut dolor id natus voluptas.',0,0,'2019-09-20 19:31:39'),(242,42,42,2,'Adipisci omnis est autem sapiente praesentium. Excepturi temporibus sunt nesciunt possimus necessitatibus. Consequatur officia qui impedit quae nostrum.',1,1,'2017-08-06 01:58:26'),(243,43,43,3,'Tenetur recusandae illo odio sit velit. Nihil sit et suscipit tempora rem non. Possimus sed ab ducimus vel culpa consequatur.',0,1,'2011-12-09 08:54:02'),(244,44,44,4,'Cumque blanditiis ut incidunt quasi qui. Doloribus velit natus rem. Explicabo consequuntur accusamus non accusantium expedita doloribus sapiente. Labore consequuntur quisquam consectetur dolorem deleniti eos.',1,1,'2017-12-08 13:25:58'),(245,45,45,5,'Quae inventore magni soluta et aut ut eveniet reprehenderit. Sit modi cupiditate vitae neque. Error sed sunt distinctio repudiandae asperiores ea sed tenetur. Dolorem aliquam est quam voluptas.',0,1,'2015-04-18 14:46:50'),(246,46,46,6,'Reprehenderit et sapiente at a. Exercitationem eos omnis consectetur et architecto minus dolores. Aut non et recusandae enim.',0,1,'2015-02-06 20:53:44'),(247,47,47,7,'Architecto dolorem in veniam nulla quidem. Sit hic libero ex libero non. At ea id dolorum et blanditiis. Enim et non dignissimos dolor et et sit.',1,1,'2011-07-23 08:01:16'),(248,48,48,8,'Harum sunt nesciunt nesciunt iure. Quibusdam quia voluptatem quis possimus cum quia dolore. Ut iste nemo voluptatem molestiae quasi quasi nostrum. Placeat facere iusto sequi nulla. Suscipit vel et ipsum autem ea cupiditate modi molestiae.',1,1,'2013-12-20 15:33:16'),(249,49,49,1,'Modi minima sit perspiciatis nobis omnis. Neque suscipit quo quia quis voluptatem sit sequi. Consequuntur omnis ea nostrum nemo ut. Dolorem id molestias dolorem voluptas numquam.',1,0,'2014-12-07 19:36:41'),(250,50,50,2,'Occaecati expedita id consectetur. Perspiciatis fugit aperiam tenetur aut sint similique aliquam. Est qui provident et qui.',0,0,'2015-05-09 22:05:05'),(251,51,51,3,'Accusamus expedita similique consequatur reprehenderit cumque dolor placeat excepturi. Distinctio velit molestiae ut earum earum. Nihil molestiae quod soluta voluptate. Ratione animi et laudantium officia nobis omnis qui. A magni cum odio ullam.',1,0,'2010-07-11 19:04:08'),(252,52,52,4,'Velit rem aliquam est architecto est qui. Exercitationem magnam odio et aliquam. Iusto tempore deleniti omnis nihil ad sit reiciendis. Vel nulla et numquam et fugiat sit.',1,1,'2012-10-19 03:24:03'),(253,53,53,5,'Aut consectetur corrupti possimus rerum reprehenderit reiciendis. Voluptas mollitia sit tempore. Et vel omnis quod dicta. Non sint sed voluptatem quos sequi et nihil totam. Amet repudiandae sed ut minima laborum dolor atque.',0,1,'2020-04-05 19:06:00'),(254,54,54,6,'Quam ducimus reprehenderit rem. Itaque adipisci blanditiis labore eos impedit. Aut ut cum quibusdam velit est in.',1,0,'2012-04-26 12:52:31'),(255,55,55,7,'Est corrupti sunt veritatis cupiditate. Consequatur aut amet quia quos fugiat consequatur voluptate. Et est a accusantium voluptatem eligendi qui voluptas.',1,0,'2012-09-07 06:43:22'),(256,56,56,8,'Qui est dolores sint. Vitae ipsa veritatis sunt perferendis est qui ut. Cum voluptatem totam aspernatur beatae aut perferendis voluptatem.',0,0,'2015-01-25 18:12:00'),(257,57,57,1,'Deserunt voluptatibus cum corrupti a quia exercitationem. Iusto quidem repellat quae maiores quis cupiditate. Non laboriosam quidem odit voluptatem.',1,1,'2019-10-21 10:56:20'),(258,58,58,2,'Non dolores et quaerat ut odio voluptatem. Consequuntur pariatur sunt mollitia quis. Eum nihil magnam iste vero. Consequatur eius totam ut officiis nostrum officia distinctio.',1,1,'2019-07-20 05:14:29'),(259,59,59,3,'Odit iusto praesentium sunt est. Nisi officia minima non. Cumque omnis nisi et placeat dignissimos iure molestias.',0,1,'2013-09-04 16:21:47'),(260,60,60,4,'Vitae numquam doloremque id consequatur expedita. Tempore a et id aperiam fugit odit nihil. Magnam architecto totam quasi minima. Pariatur voluptates laborum hic sunt excepturi consequatur quas enim.',0,0,'2011-08-12 15:09:30'),(261,61,61,5,'Quo beatae autem cupiditate et at voluptate minus. Repellat et corrupti explicabo vel qui nobis et. Rerum voluptatibus omnis commodi neque. Labore aut laudantium in sint eum explicabo.',1,0,'2016-04-05 00:15:11'),(262,62,62,6,'Optio sunt maxime modi. Rerum debitis ut quaerat aut et. Consectetur voluptatem aut quia cupiditate.',1,0,'2011-07-17 22:58:52'),(263,63,63,7,'Numquam voluptate aspernatur facere dolores officia. Quo accusantium neque quia similique reprehenderit enim. Ab officia quae illum. Consequatur aperiam et velit.',0,1,'2011-08-14 19:52:26'),(264,64,64,8,'Earum hic sed et impedit numquam molestiae. Nihil ad soluta fugit in libero. Deleniti est laborum occaecati quam illum qui deleniti nihil. Molestiae neque nesciunt velit eos minus aliquid earum corrupti.',0,0,'2010-11-09 06:50:07'),(265,65,65,1,'Nihil sapiente hic laudantium sit. Fugiat odio repudiandae soluta eveniet deserunt quia.',1,0,'2013-02-19 08:39:16'),(266,66,66,2,'Expedita quia magnam molestiae voluptate aspernatur iure molestias. Id cum consequatur molestiae quasi quibusdam. Assumenda et perferendis sint vero.',0,0,'2017-04-26 18:02:39'),(267,67,67,3,'Repellat vitae ducimus consequatur tempore iste. Ab fugiat et natus. Dolor autem non quidem sequi.',1,1,'2010-10-21 06:03:30'),(268,68,68,4,'Optio culpa officia debitis totam consequatur. Facilis officia accusamus debitis aut. Exercitationem tempora impedit omnis qui laborum. Quis animi unde quia nihil necessitatibus.',0,0,'2014-08-28 06:21:24'),(269,69,69,5,'Non veritatis omnis non laborum earum. Quisquam sit voluptatem eum cum. Error sapiente praesentium cupiditate reprehenderit et consectetur aut officia. Vel ut et qui.',0,0,'2018-09-28 12:59:49'),(270,70,70,6,'Aut accusantium recusandae ut quaerat. Fugit autem dolorum provident soluta eius sit sint tempora. Consequuntur enim qui molestiae vel.',1,1,'2015-09-12 10:35:19'),(271,71,71,7,'Quis numquam consectetur dolorem maiores nostrum nobis. Rerum dolores voluptatum nihil voluptatem a. Eum non autem molestiae est eos sit ea. Pariatur sequi velit quia harum praesentium quam iste. Harum beatae temporibus sunt voluptates voluptas quia ex.',0,1,'2013-10-07 19:10:52'),(272,72,72,8,'Ab voluptate aut ducimus qui consequatur. Non provident quidem eum deleniti ut voluptas. Omnis saepe doloribus voluptas dolorem saepe et. In corporis quam quia quia nisi vel.',0,0,'2012-04-08 10:12:24'),(273,73,73,1,'Similique totam quod non officia dolor. Sequi distinctio voluptatem quidem dolore. Nobis facere omnis at saepe. Cumque odio dolore enim et aspernatur reprehenderit voluptatem.',1,0,'2011-03-10 14:03:09'),(274,74,74,2,'Distinctio cupiditate eos fugiat neque. Laboriosam necessitatibus officiis eos aliquam et voluptas. Consequatur magnam placeat itaque architecto non.',1,1,'2013-04-19 18:43:17'),(275,75,75,3,'Odio quas qui architecto aspernatur. Dolores quas recusandae est deleniti aut adipisci. Nobis quo dolorem quia cum aut sit harum.',1,0,'2014-08-24 21:01:35'),(276,76,76,4,'Enim vel consequuntur ut alias. Eligendi vitae consectetur porro quae sequi commodi. Est ipsum consequatur inventore deserunt.',0,0,'2014-09-26 03:17:54'),(277,77,77,5,'Accusantium illo facere excepturi. Ut mollitia ipsam nesciunt ut enim esse totam qui. Fuga qui facere sunt sit hic quo.',0,0,'2015-03-18 17:59:18'),(278,78,78,6,'Dolor similique est ut autem iste. Consequatur error architecto qui sed et nesciunt necessitatibus ab. Suscipit doloribus cum perferendis illum.',1,0,'2012-07-13 23:15:43'),(279,79,79,7,'Odit minima facere at beatae. Saepe qui ratione dolorum eum aperiam eos et.',1,1,'2016-11-28 14:27:25'),(280,80,80,8,'Cumque odit sed vero. Ad aut et dicta nulla doloremque rerum. Debitis ullam beatae ex reprehenderit ducimus exercitationem sed. Eos consequatur temporibus explicabo fuga ea.',1,0,'2013-12-12 16:01:13'),(281,81,81,1,'Modi unde hic exercitationem illum non. Et vel impedit eos. Dignissimos et omnis aperiam enim cumque.',1,1,'2014-12-12 12:34:47'),(282,82,82,2,'Sequi voluptates quod occaecati et. Praesentium quis quia vero quos. Facilis aut neque quis qui aut quia. Quasi dicta quas aliquam sunt voluptas.',0,1,'2017-07-10 22:12:26'),(283,83,83,3,'Voluptatem minus error sed doloribus cumque rerum. Cum quia voluptatibus ipsam reprehenderit ratione. Quidem natus qui ullam vitae exercitationem aut quas.',1,0,'2016-12-02 09:42:49'),(284,84,84,4,'Ut omnis maiores sed expedita quos. Quis numquam at et libero qui. Tenetur voluptas est repellendus voluptatem et suscipit et. Quo iusto ratione fugit et ducimus.',0,1,'2019-10-15 07:31:31'),(285,85,85,5,'Totam id fuga in similique quia occaecati. Sit sit molestias voluptas enim.',1,1,'2016-10-10 21:05:14'),(286,86,86,6,'Excepturi natus reiciendis quas et ut. Eveniet eum nobis nihil dignissimos totam sunt. Minus voluptatum laborum sit. Soluta quidem quasi maxime temporibus.',0,1,'2018-02-27 08:49:58'),(287,87,87,7,'Quo quas deleniti rerum. Ad accusamus ut nostrum ut ut et repellat. Molestias voluptatem numquam ducimus mollitia sint sed.',0,0,'2017-05-07 08:21:13'),(288,88,88,8,'Quo quis sunt deserunt non eos temporibus distinctio. Amet ipsa autem est qui eius. Repellat non praesentium quaerat neque quo occaecati.',1,0,'2014-04-11 22:09:18'),(289,89,89,1,'Modi quis voluptatem officiis ad natus. Beatae error quia eos qui illum laudantium nam. Quas sit porro quibusdam quod aut.',0,0,'2016-10-19 09:29:31'),(290,90,90,2,'Nobis corporis pariatur magni fugit reiciendis. Sed eum nulla et in dolorum consequuntur. Quasi qui et aspernatur iure. Harum et ipsa harum necessitatibus quis.',1,1,'2015-08-17 02:15:05'),(291,91,91,3,'Vel numquam enim a laboriosam iste temporibus. Ex labore porro molestiae architecto. Eius nobis omnis non sint ut veniam voluptatibus. Voluptas perferendis et harum facere a ea recusandae et.',0,0,'2017-09-05 11:29:33'),(292,92,92,4,'Dolorum doloremque ex fugit quasi. Odio eaque aut quia. Natus similique in odit tenetur. Eum iusto fugiat porro pariatur debitis.',0,1,'2017-08-22 11:30:19'),(293,93,93,5,'Quod qui odit non suscipit. Est sit facilis et quibusdam maxime quae quae est. Eligendi alias laboriosam qui odio.',0,1,'2017-01-08 04:59:48'),(294,94,94,6,'Vitae fuga culpa temporibus voluptatem voluptatibus. Expedita magni sint nihil repellat voluptate natus aspernatur.',0,0,'2017-08-13 23:16:18'),(295,95,95,7,'Veniam sed voluptatem eos officia est. Nostrum minus commodi dolorem voluptatem commodi dolor dolor. Et ipsum repellendus nisi harum. Est rerum delectus veritatis.',1,1,'2013-07-23 00:01:29'),(296,96,96,8,'Assumenda nisi quo nemo aut ut assumenda et ut. Quae voluptatem voluptatem earum qui. Est sed voluptas consequuntur.',1,1,'2011-04-09 23:38:47'),(297,97,97,1,'Eius in eos minus eos harum dolorem nihil. Non occaecati adipisci aut suscipit perspiciatis ipsa hic. Qui eum molestiae sunt quia explicabo. Quidem ut ipsam perferendis.',1,1,'2019-05-16 11:39:46'),(298,98,98,2,'Qui ea vel ullam nesciunt cupiditate quo ut. Labore a ut laudantium quo impedit et aspernatur. Sunt sit est ea rerum rem aspernatur eum aliquam.',1,1,'2015-03-01 13:58:08'),(299,99,99,3,'Ullam voluptatibus qui vero ab voluptatem sequi. Reiciendis autem aut ipsum dignissimos et cumque. Labore excepturi accusamus perspiciatis aliquid ut velit in.',0,1,'2011-07-01 04:07:01'),(300,100,100,4,'Laboriosam ea in quasi voluptatem animi dolores. Dignissimos nobis ducimus odit explicabo. Quisquam dolor voluptatem quis numquam.',0,0,'2013-03-21 14:37:30'),(301,1,1,5,'Eum sint illum voluptatum ea doloribus eos. Tenetur velit vel eaque nesciunt quis natus unde. Et impedit dolorem voluptas illo officiis voluptas. Minus cum labore in et et.',0,1,'2020-04-14 02:13:08'),(302,2,2,6,'Ut eaque id rerum autem et. Fugit dolores quasi consequatur id. Quod enim culpa inventore inventore perspiciatis aperiam. Voluptas at harum aperiam sed.',1,0,'2015-08-06 10:00:26'),(303,3,3,7,'Accusantium magnam explicabo aliquid repellat quidem. Velit dicta voluptate eos aliquam pariatur. Vel est facilis excepturi incidunt recusandae repudiandae molestiae. Optio consequuntur sequi odio saepe illum molestias in.',0,0,'2018-04-15 05:44:19'),(304,4,4,8,'Porro sed aut porro nisi illum aut rerum. Aperiam beatae et et eveniet. Molestiae praesentium iusto sit incidunt illo. Vero doloribus ex repudiandae quis et voluptatibus iusto animi.',0,1,'2010-07-29 01:50:42'),(305,5,5,1,'Ab quisquam voluptatem et consectetur. Et aut porro in occaecati tempore possimus. Doloremque consequatur distinctio esse illo excepturi. Fugit et sed et nihil voluptate vel.',0,0,'2017-01-30 07:11:49'),(306,6,6,2,'Nesciunt quaerat error voluptatum consequatur est. Aliquam esse eveniet et neque perferendis. Beatae fugit ea aut qui non molestiae. Doloribus velit exercitationem reiciendis ea nihil unde.',0,0,'2013-08-13 04:43:14'),(307,7,7,3,'Et eius dolore delectus rerum. Ut expedita quod dolore deserunt vel id non minus. Nostrum similique laudantium laudantium rerum qui ut numquam. Reprehenderit ex voluptas sunt veritatis temporibus.',0,0,'2014-10-14 11:38:05'),(308,8,8,4,'Qui voluptatem et omnis. Officia soluta at blanditiis dolorem. Eos et facere natus placeat ea eveniet at voluptate. Voluptatem qui saepe repudiandae omnis possimus.',0,1,'2013-07-26 19:00:29'),(309,9,9,5,'Veritatis dolorum laboriosam aperiam eaque optio iste porro. Veniam culpa id exercitationem voluptas culpa. Atque ullam natus aliquam sit qui nihil et ut.',1,1,'2017-12-12 11:59:39'),(310,10,10,6,'Veritatis rerum veniam nihil ut. Consequatur explicabo atque voluptatem et sit. Illo illo repudiandae debitis adipisci aut. Ipsum quia cum et occaecati ullam aut dolore.',1,0,'2010-11-27 11:39:22'),(311,11,11,7,'Autem modi occaecati quaerat nihil vitae nam. Architecto omnis ea iste adipisci commodi. Molestiae mollitia id illo aut tenetur inventore.',1,0,'2010-05-26 03:28:05'),(312,12,12,8,'Ullam repellendus quia quis beatae corrupti aut rerum provident. Rem voluptate asperiores modi qui natus harum consequatur. Maxime qui voluptatibus veniam omnis ut aut animi qui.',1,1,'2015-04-28 20:36:36'),(313,13,13,1,'Fugit minima amet sunt fuga. Quia deserunt velit odit laboriosam tempore eveniet eligendi. Odio nam totam esse ut et voluptates sit.',1,0,'2013-04-15 19:36:55'),(314,14,14,2,'Aut nam fuga at perspiciatis ipsa. Itaque cum sit eum provident ut.',1,0,'2016-05-19 05:15:51'),(315,15,15,3,'Doloremque quisquam adipisci qui cumque vero. Natus quia hic beatae. Vel accusamus est iste deleniti aliquam ipsum delectus. Adipisci nihil et quidem libero recusandae sequi pariatur ab. Dolore repellendus dolores dicta occaecati.',1,0,'2020-04-12 14:45:46'),(316,16,16,4,'Et unde culpa et. Laudantium sunt deserunt ea officia qui illum qui. Et distinctio asperiores beatae rerum ut placeat dolor rerum. Officia vitae perspiciatis ut aut eligendi.',1,1,'2014-05-06 03:13:01'),(317,17,17,5,'Esse dolore sed explicabo. Quis itaque pariatur placeat qui officia omnis voluptatem. Eveniet aliquam quidem quod est suscipit neque ut.',0,1,'2015-06-10 20:44:28'),(318,18,18,6,'Necessitatibus voluptatibus ea totam est reprehenderit excepturi. Est id odit illo aperiam omnis voluptatem. Quo voluptatem officiis ad. Error molestiae omnis vero possimus ipsa repellendus.',0,1,'2020-02-21 13:46:11'),(319,19,19,7,'Ea voluptatem molestias rem ut. Possimus dicta est temporibus rerum. Voluptatem facilis adipisci blanditiis qui.',1,0,'2019-10-01 16:00:20'),(320,20,20,8,'Repellendus velit nihil occaecati magni harum et. Aut enim tempore est. Quo qui consequatur culpa laboriosam et tempora cum.',1,1,'2018-11-03 08:36:41'),(321,21,21,1,'Vel beatae modi natus ex officia. Eligendi placeat et molestiae id officiis quia. Aliquid voluptatibus rerum incidunt labore adipisci tenetur et. Consequatur non praesentium nobis.',0,0,'2012-01-07 03:31:04'),(322,22,22,2,'Odio et consequatur tempora iusto voluptatem repellat eligendi dolorem. Quaerat sunt esse est assumenda et nemo ullam. Et harum sunt corrupti consequatur nulla illo.',1,1,'2011-09-10 23:12:13'),(323,23,23,3,'Doloribus ipsa non adipisci sunt unde sed. Velit quidem sunt reiciendis reprehenderit et tempore. Nesciunt itaque vel dolor ut accusamus sapiente vitae.',1,1,'2019-08-11 19:03:37'),(324,24,24,4,'Odio est officia quisquam animi. Autem repudiandae enim autem odio. Sit eveniet aut ut qui porro temporibus.',1,1,'2015-12-13 21:12:59'),(325,25,25,5,'Quia et aut ut qui et et facilis. Eum ut vel necessitatibus illo doloribus. Consequuntur aliquid cupiditate aut eum ipsam.',1,1,'2019-01-23 06:12:10'),(326,26,26,6,'Assumenda quae sequi voluptas nesciunt. Molestiae minima modi explicabo. Natus corrupti fugiat ea ad sapiente ad. Voluptatem quas qui qui rerum incidunt sequi.',0,0,'2017-04-21 23:17:51'),(327,27,27,7,'Corrupti sed dolorem voluptates. Accusamus et nam voluptate praesentium esse animi voluptatem.',1,0,'2017-04-02 11:23:48'),(328,28,28,8,'Sint molestiae rerum voluptas harum voluptatem odit. Enim sed fugiat et at sed incidunt. Et ullam repellat unde sapiente perferendis. Ea nihil corrupti explicabo voluptas animi debitis.',1,0,'2013-07-21 04:08:02'),(329,29,29,1,'Voluptate et id nihil. Eaque sed voluptas velit nemo. Doloremque sunt recusandae repellendus voluptates et. Et incidunt dignissimos a quas possimus vero.',1,0,'2018-04-22 18:04:29'),(330,30,30,2,'Ut id laboriosam voluptas qui omnis repellendus rerum. Vel odit quo aut laborum. Alias ratione quo voluptatem iusto animi quis laborum.',1,1,'2019-06-20 06:59:49'),(331,31,31,3,'Voluptatem fugiat harum ab autem ut sed doloribus. Eos modi expedita officia voluptatibus. Sed labore suscipit dolorem sed voluptatem voluptas. Magni totam dolores quasi occaecati.',0,0,'2018-09-29 11:45:43'),(332,32,32,4,'Aut temporibus odio doloribus hic dolor dolor. In unde mollitia et quia deserunt amet totam. A voluptatem sequi quod a expedita quos. Atque aut perferendis tenetur in odio accusantium.',0,1,'2015-04-27 17:33:44'),(333,33,33,5,'Numquam perspiciatis et ut. Sapiente autem veritatis ab omnis.',1,1,'2013-09-13 03:11:45'),(334,34,34,6,'Quas nulla corrupti voluptatem. Ipsum sint ut impedit ducimus laborum nihil velit. Doloremque ex voluptas animi et.',1,0,'2010-08-04 15:11:17'),(335,35,35,7,'Ipsam praesentium consequatur qui illo. Impedit quia quae repudiandae eum ducimus. Velit hic incidunt omnis iste iste ea vel.',0,0,'2015-09-16 18:11:20'),(336,36,36,8,'Incidunt cupiditate similique nisi nisi aut sint voluptatem. Esse quaerat sed quia nemo est nostrum pariatur. Quo eos harum non et quos quos.',1,0,'2011-06-20 23:36:33'),(337,37,37,1,'Accusantium sit rem ut qui aperiam. Perferendis error ut error excepturi blanditiis vel. Aliquid omnis pariatur ratione.',0,1,'2018-01-11 08:08:38'),(338,38,38,2,'Ut facere distinctio occaecati asperiores omnis cumque architecto. Neque accusantium voluptas non eaque. Ad quos et quo sequi sint ipsa aut.',0,1,'2012-06-06 09:39:09'),(339,39,39,3,'Ea perferendis quidem totam quia hic. Saepe mollitia officiis quia. Voluptatem quidem sit et occaecati dolores dignissimos nostrum.',0,0,'2017-05-10 02:58:57'),(340,40,40,4,'Consequatur corporis non temporibus odio fugit rerum iste nesciunt. Architecto dicta ut asperiores voluptas.',1,0,'2011-05-08 01:42:16'),(341,41,41,5,'Aut deserunt architecto ipsum et. Sint voluptas accusantium est cupiditate sed unde alias. Similique quidem dolore architecto nulla facere quia voluptatem.',0,0,'2014-11-11 16:04:26'),(342,42,42,6,'Omnis vitae quod cupiditate. Similique hic corporis pariatur earum sed. Incidunt vel dolores quisquam qui ea tenetur totam. Est qui quisquam doloremque unde natus rerum.',0,1,'2013-02-28 04:18:20'),(343,43,43,7,'Minus qui nam qui ipsam eos inventore alias. Expedita at accusantium sint dolorem veritatis occaecati. Dignissimos voluptatum fugiat ut voluptatem.',0,1,'2014-12-11 13:10:47'),(344,44,44,8,'Sunt possimus reprehenderit ut quaerat provident beatae voluptatum. Occaecati esse unde vero incidunt quod quis. Eius alias quibusdam beatae dolores aut omnis voluptatem.',1,1,'2015-08-25 10:53:18'),(345,45,45,1,'Aliquam quod at quia eius non sit non. Aperiam ut dicta vitae illum doloribus. Et nihil eaque earum unde. Expedita rerum at illo sit dignissimos itaque laudantium. Ducimus est non et expedita ea.',0,1,'2015-09-30 16:59:26'),(346,46,46,2,'Dolores neque in rem dolor numquam. Nobis voluptas expedita eaque libero sequi. Quis neque dolores quos eum voluptatem rerum quis. Consectetur dicta aut et pariatur magni eligendi incidunt culpa.',1,1,'2020-04-13 15:42:29'),(347,47,47,3,'Nemo doloribus culpa ex sed nisi consequuntur nihil. Cum quaerat delectus ea optio quam. Eum vel voluptatum odio voluptate.',1,0,'2012-07-08 23:09:28'),(348,48,48,4,'Sit nostrum quam minus ipsam repellat expedita. Aliquam praesentium asperiores ipsum consequuntur ut expedita. Quo quis ipsum ab nobis reiciendis dolor. Inventore porro magnam eos molestiae harum inventore quis.',0,1,'2010-09-19 12:10:55'),(349,49,49,5,'Dicta omnis quo aut neque. Harum eaque qui doloribus sit. Incidunt et qui ex impedit enim consequatur impedit.',1,0,'2013-10-22 03:24:47'),(350,50,50,6,'Voluptatem quod aut velit fuga. Ab facilis doloribus dolorem veniam sit. Porro est aspernatur ut laboriosam.',0,1,'2010-09-14 14:17:50'),(351,51,51,7,'Aut rem voluptatem illo voluptate aut rem culpa et. Quis et maiores perferendis id ea. Magni iusto culpa quo voluptas eveniet.',1,0,'2020-03-30 20:10:40'),(352,52,52,8,'Optio vitae ex error fugiat est optio. Dolorum cupiditate qui rerum laboriosam accusamus officia autem. Ea tempore sit consequatur temporibus iste perferendis sunt. Sit tempora voluptates minus nam quae.',0,1,'2019-02-16 01:57:17'),(353,53,53,1,'Doloremque id excepturi sunt eos illo. Blanditiis dignissimos ullam velit. Perferendis modi quaerat possimus sequi asperiores odit optio. Quaerat unde cumque voluptatem reiciendis quisquam aperiam aliquid.',1,1,'2018-04-01 12:41:04'),(354,54,54,2,'Qui cum qui assumenda doloremque. Aperiam atque eaque quod officia et repellat cum. Laudantium et assumenda explicabo aut sint quos. Quis velit officia tempore perspiciatis.',0,1,'2013-03-24 08:53:42'),(355,55,55,3,'Excepturi modi neque omnis sed sunt. Maiores voluptatem aut voluptatibus cupiditate laborum. Sit illum quisquam aut.',0,1,'2012-10-11 08:09:38'),(356,56,56,4,'Corrupti necessitatibus ratione consectetur ut. Est perferendis laudantium itaque at qui enim. Ipsa ea et est aut laboriosam voluptates aperiam.',1,0,'2011-08-21 21:22:15'),(357,57,57,5,'Laborum illo ipsum et. Fuga similique beatae aspernatur deserunt consequuntur eaque. Mollitia ullam et reiciendis ratione qui. Quisquam ut reprehenderit facilis suscipit. Est asperiores exercitationem eius qui nisi id illum.',0,0,'2018-11-27 02:58:14'),(358,58,58,6,'Nesciunt impedit reiciendis non vel eaque. Cumque aut animi eius qui dolores. Quod quo omnis et voluptatem ut facere temporibus placeat. Aspernatur impedit minus quia possimus.',1,1,'2017-06-17 06:21:43'),(359,59,59,7,'Pariatur qui tempora maiores aut eaque expedita. Est non dolorem expedita necessitatibus quia mollitia quo. Facilis reprehenderit a autem explicabo molestias dicta.',1,1,'2018-09-20 04:59:11'),(360,60,60,8,'Aut in rerum et eos. Aspernatur laudantium asperiores sit perferendis deserunt. Et maxime iure quasi occaecati.',0,1,'2015-05-13 15:44:15'),(361,61,61,1,'Error enim id labore tempora temporibus quis incidunt. Nulla ea temporibus suscipit nam. Minima ducimus qui et cupiditate corporis qui.',1,1,'2013-11-06 09:35:11'),(362,62,62,2,'Eligendi ipsa quidem qui expedita voluptatibus et aut. Voluptatem quas optio deleniti. Necessitatibus velit qui dolorem vel architecto et quia officia. Ea aut quia adipisci enim quas.',0,0,'2019-03-16 16:25:47'),(363,63,63,3,'Ipsa ut ad dolor occaecati quos aut commodi animi. Dignissimos aperiam aspernatur rem dignissimos placeat voluptatem. Ea ut sunt hic ut non vel.',0,0,'2013-04-03 20:06:41'),(364,64,64,4,'Quae reprehenderit harum soluta odit ad possimus. Aut eos esse voluptas eius aliquid est. Recusandae velit ut est.',1,1,'2019-02-24 03:04:04'),(365,65,65,5,'Alias exercitationem omnis voluptatibus. Voluptas dolore expedita iste iste debitis provident odio optio. Deleniti ratione unde sunt ipsa magni. Eum fugit doloremque odit ut itaque assumenda sed.',1,1,'2019-11-04 13:49:17'),(366,66,66,6,'Est ullam voluptatem molestiae natus facilis ut ratione. Iusto placeat et placeat aspernatur assumenda. Porro voluptatem quia consequuntur aut.',0,0,'2011-08-08 19:13:11'),(367,67,67,7,'Odit natus ea magni delectus ut. Incidunt sed enim quas praesentium. Perspiciatis sapiente blanditiis est.',1,1,'2012-05-13 20:41:28'),(368,68,68,8,'Sit culpa illo reprehenderit recusandae qui rerum. Tenetur praesentium harum atque labore beatae. Aut esse consequatur et ut quaerat debitis fuga. Perferendis quis sed tempora et sed enim. Cum occaecati et et.',1,0,'2014-10-19 03:40:00'),(369,69,69,1,'Rem enim sit atque ab nam ex. Magnam est expedita vel suscipit impedit. Voluptas eaque voluptatum aut labore.',1,1,'2015-04-14 20:48:58'),(370,70,70,2,'Velit harum suscipit voluptatibus est. Sapiente ad sed porro. Unde quasi qui eaque delectus reprehenderit.',1,0,'2019-04-26 06:01:39'),(371,71,71,3,'Quae at tempore perspiciatis voluptatibus veritatis qui. Aut eius laudantium quia et. Incidunt earum nostrum et voluptates dolorum. Error qui ut quia id magni maiores.',1,0,'2018-09-07 01:01:11'),(372,72,72,4,'Perferendis laudantium excepturi qui sit minima. Dolores sint reprehenderit non at exercitationem. Quis quia voluptate laudantium et ipsum optio quas. Et culpa id quia aut ipsam voluptatem quos.',0,0,'2017-08-02 00:13:20'),(373,73,73,5,'Sed consectetur harum doloremque molestiae repellat sapiente provident. Dolores rerum non exercitationem iste magnam eaque harum. Adipisci et mollitia beatae similique.',1,0,'2012-03-30 21:15:04'),(374,74,74,6,'Quos aut at aut in. Velit quam maiores reiciendis nisi molestiae ab quos. Ipsum eos perferendis atque enim dolor temporibus.',1,0,'2014-08-14 08:02:32'),(375,75,75,7,'Facere ut ratione consequatur et voluptatibus. Adipisci nesciunt quidem sit minus. Sit molestiae voluptatem ducimus.',1,1,'2014-04-19 00:44:33'),(376,76,76,8,'Nemo iure autem dolore porro perspiciatis illum voluptas. Ut molestias voluptate modi dolores velit aut. Veritatis est nobis reprehenderit neque qui architecto.',0,1,'2016-02-15 03:55:27'),(377,77,77,1,'Eveniet minus nihil dignissimos autem incidunt vel. Est est dolores quas voluptatem. Et dolores quo dolores modi rerum expedita rerum. Eius quis accusamus praesentium asperiores modi corrupti.',0,1,'2013-11-10 22:03:51'),(378,78,78,2,'Autem vero voluptate omnis officiis neque itaque illo sit. Nemo enim ut illo aut aut animi aspernatur. Harum expedita totam nihil repellendus commodi occaecati et sit. Velit tempora fuga est libero magni autem totam et.',0,0,'2011-01-04 21:57:56'),(379,79,79,3,'Aspernatur eos dicta consequatur sapiente tempore blanditiis iusto. Reiciendis ut dolorem velit quidem corrupti. Ut cupiditate beatae qui accusamus iusto neque. Sed molestiae velit et dolores aperiam accusamus.',0,1,'2019-10-03 17:29:34'),(380,80,80,4,'Sequi sint corrupti totam labore qui. Cumque libero ut omnis aut. Laudantium at cumque in cum ea.',0,1,'2019-08-14 15:23:08'),(381,81,81,5,'Nihil eveniet voluptas harum voluptatem vero quasi quo. Soluta corrupti adipisci dolorem sit officia. Accusamus natus et suscipit enim dolore rerum aspernatur. Non laboriosam ipsa temporibus qui.',1,0,'2017-11-06 11:17:43'),(382,82,82,6,'Dolorum amet eos sequi qui magni doloremque nisi. Sint similique inventore est. Neque porro ipsum doloremque consequuntur dolores repellendus.',0,0,'2017-01-15 05:22:16'),(383,83,83,7,'Omnis quas officiis cupiditate consectetur. Et alias mollitia est consequuntur. Et ducimus repudiandae atque nam omnis doloribus consequuntur.',1,1,'2020-02-27 07:50:17'),(384,84,84,8,'Voluptatem asperiores facilis numquam itaque assumenda et deserunt. Veniam deleniti blanditiis suscipit vel ad voluptatem. Dolorem aut consequatur nesciunt animi.',1,0,'2019-10-16 06:29:24'),(385,85,85,1,'Blanditiis est magni excepturi est minima aut. Adipisci et provident tempore et. Perferendis et fugiat sunt consequatur. Modi qui rerum et quae nobis.',0,0,'2015-04-21 17:51:55'),(386,86,86,2,'Ipsum mollitia sint enim dolorem aut eaque voluptas. Doloribus aliquid perspiciatis qui mollitia explicabo voluptas. Quisquam inventore nemo consectetur et nobis et voluptatibus. Dolorem tenetur et vel maiores magni. Qui placeat in facilis non corporis.',1,1,'2020-03-11 21:36:42'),(387,87,87,3,'Mollitia incidunt et ut sapiente et voluptas est. Aut voluptatem qui odio itaque ipsam sapiente. Sint ea deserunt voluptatum laborum dolor.',1,1,'2018-08-08 06:04:31'),(388,88,88,4,'Tempore autem similique sit. Nemo dolorum nisi provident dignissimos quam cupiditate voluptas consequatur. Consequatur voluptas enim quas. Dignissimos minima voluptas dolorem qui et.',1,0,'2011-07-27 22:51:20'),(389,89,89,5,'Voluptas suscipit distinctio consectetur aut deserunt ut asperiores. Ut ut vel saepe eveniet. Est quis facere possimus sapiente nostrum.',0,0,'2020-03-23 09:22:14'),(390,90,90,6,'Blanditiis et optio qui illum ut aliquam recusandae similique. Eos corrupti architecto voluptas ut. Autem ea id ullam qui ipsum.',0,1,'2014-08-03 01:04:45'),(391,91,91,7,'Similique labore adipisci quia tempore quas et. Minus autem minus qui incidunt.',0,0,'2011-07-05 19:59:59'),(392,92,92,8,'Non aspernatur optio et esse illo dolores quia. Provident accusamus ut iure distinctio. Amet rerum aliquam quaerat et.',1,0,'2012-07-01 18:48:57'),(393,93,93,1,'Occaecati est qui dolores porro earum sint dolore. Veniam consequatur numquam perspiciatis tempore accusantium iure.',1,1,'2019-10-22 11:35:50'),(394,94,94,2,'Aut vitae sit id fugit laboriosam. Molestias sit alias quo voluptas qui. Et omnis temporibus facilis consectetur.',0,1,'2016-12-20 16:55:27'),(395,95,95,3,'Quis recusandae quis commodi et. Vel earum in voluptates vel optio dignissimos quaerat praesentium. Non repellat quia neque et modi ex. Quas natus blanditiis sed amet assumenda.',0,0,'2011-03-08 10:01:34'),(396,96,96,4,'Impedit esse omnis voluptatem consequatur. Repellat asperiores odit dolores excepturi voluptatem. Magni eos assumenda dolores velit ab illo ea.',1,1,'2011-08-06 21:45:50'),(397,97,97,5,'Non aut eos impedit dignissimos minus sapiente. Saepe aperiam temporibus sit hic perferendis. Dolor voluptate quae atque est officia deleniti ullam. Aperiam eligendi molestiae vero. Consequatur unde quod iusto dolores in officia enim.',1,1,'2011-08-29 05:57:35'),(398,98,98,6,'Libero corporis reiciendis ratione delectus quasi qui est in. Voluptatibus necessitatibus eum iusto est iusto praesentium qui aspernatur. Blanditiis minima et quos quibusdam voluptatibus consectetur. Explicabo sed aut rerum rerum. Explicabo esse et itaque id eos expedita rerum quidem.',0,1,'2019-03-30 22:59:54'),(399,99,99,7,'Distinctio accusantium natus aliquid expedita facilis illum veritatis neque. Nemo beatae sint et. Est consequuntur consequuntur sed ducimus sint. Et error ea officiis sunt autem.',0,1,'2013-11-07 18:05:43'),(400,100,100,8,'Vel et quas ut itaque. Nesciunt et qui sint autem. Ea laborum ut eaque incidunt.',1,0,'2018-07-11 06:03:39'),(401,1,1,1,'Recusandae qui voluptate rem ut. Et minus reiciendis harum voluptatem exercitationem sed vel neque.',0,0,'2017-11-06 12:04:34'),(402,2,2,2,'Minima quibusdam expedita asperiores nesciunt autem. Sint aspernatur est et quia quaerat rerum in. At dolorum harum voluptates tenetur distinctio temporibus corporis dolore. Praesentium sunt velit consequatur omnis vel esse. Iusto voluptas laudantium sed sunt.',1,0,'2013-06-08 22:08:32'),(403,3,3,3,'Corporis occaecati quis enim optio aut sit. Iste earum illo quis totam qui quae. Ipsum dolorem officiis aspernatur exercitationem. Esse id incidunt aut qui.',1,1,'2010-09-01 13:51:12'),(404,4,4,4,'Dolorum quia et molestiae adipisci et nihil. Incidunt ullam fugit laudantium. Excepturi at error mollitia quis et. Aliquid neque amet placeat ab quasi unde officiis.',0,0,'2010-11-09 00:49:54'),(405,5,5,5,'Quis et asperiores ut hic. Ex ipsum dignissimos voluptatem fuga voluptatem adipisci alias. Ut unde neque distinctio sequi sit ea.',1,0,'2012-01-10 06:29:19'),(406,6,6,6,'Quis provident et atque autem architecto. Harum nam fugiat dolor perspiciatis aut itaque. Sapiente qui perspiciatis aut animi vitae. Non ipsum earum mollitia.',1,0,'2010-10-13 21:50:08'),(407,7,7,7,'Libero dolor architecto voluptate dolores maxime. Iste odit aut atque maiores aliquid consequatur. Non sit quidem aut sit est inventore asperiores.',0,1,'2011-02-07 09:16:13'),(408,8,8,8,'Beatae optio quae sunt est unde voluptates. In libero animi quia est ex reiciendis non.',0,0,'2017-09-06 01:49:55'),(409,9,9,1,'Delectus et nostrum omnis ducimus fuga. Rerum odit sed autem quibusdam. Tempore iure molestiae placeat aut consequatur et repellat. Officiis incidunt ex labore ut et similique est.',1,1,'2018-12-06 05:02:53'),(410,10,10,2,'Eius libero delectus porro quibusdam nesciunt eum expedita mollitia. Occaecati modi vero et possimus. Impedit vero explicabo quia nemo numquam.',0,0,'2015-02-18 19:50:19'),(411,11,11,3,'Doloremque excepturi ad quos autem quis tempora commodi dolores. Commodi veniam ut dolor quibusdam suscipit repellendus assumenda.',1,0,'2011-02-02 12:37:43'),(412,12,12,4,'Non alias omnis optio deleniti minus. Nihil deserunt ut voluptas. Ut exercitationem nisi consectetur cum. Quis quia a quisquam libero et quo nesciunt.',1,1,'2011-05-18 19:07:23'),(413,13,13,5,'Repudiandae expedita aliquam voluptas earum reiciendis suscipit et non. Error similique cum et ipsa temporibus nihil recusandae. Qui id veniam autem quas nam. Nam reprehenderit praesentium ut cum.',0,1,'2015-03-18 06:45:10'),(414,14,14,6,'Facilis labore et sed cupiditate voluptas et. Rerum velit dolores et voluptate in magni. Architecto totam rerum dignissimos qui. Ut tempore quia esse dolorum voluptates. Fuga enim ab quam error suscipit.',1,0,'2011-10-26 13:53:16'),(415,15,15,7,'Beatae nam quam porro consequatur. Repellendus quod consequatur sed ut libero eum. Architecto corporis aut praesentium qui doloribus assumenda.',1,0,'2013-01-26 18:25:57'),(416,16,16,8,'Eaque et ea vel fuga. Odit repellendus voluptatem delectus et quidem. Consequatur nulla fugit atque.',0,1,'2018-05-24 22:57:08'),(417,17,17,1,'Natus maiores quas repellat quia impedit. Ducimus distinctio cupiditate debitis molestias nam eum.',1,1,'2014-05-07 06:23:04'),(418,18,18,2,'Id eos ut pariatur autem dolor libero. Est enim eum ipsum. In expedita rerum illo dolorem aut. Repellat cupiditate hic minima.',0,0,'2018-04-01 13:17:15'),(419,19,19,3,'Quo et eius recusandae error iure. Sit aut provident harum aut dolores tenetur consequuntur. Dolor aut est quam quasi. Reprehenderit provident quam voluptas vel laudantium.',1,1,'2015-04-02 11:49:05'),(420,20,20,4,'Ratione a aperiam qui non ut. Necessitatibus praesentium est voluptates molestias qui vero. Ut id aut autem mollitia vero quisquam. Et doloremque blanditiis illo nobis rem accusamus eaque.',1,1,'2019-05-15 08:01:12'),(421,21,21,5,'Eos magni quae exercitationem officiis asperiores iusto molestias aperiam. Et quia exercitationem itaque aliquid officia deserunt minus accusamus. Iste voluptatem non soluta velit mollitia qui. Similique necessitatibus vitae ea iste occaecati.',0,0,'2017-12-14 16:13:15'),(422,22,22,6,'Iste occaecati sed perferendis ab nobis consequatur. Temporibus ducimus autem officiis voluptatem voluptas omnis. Iusto quia earum quidem dolor.',0,0,'2017-04-09 09:06:14'),(423,23,23,7,'Unde qui iusto provident. Ut autem natus omnis magnam.',1,1,'2013-10-26 02:34:14'),(424,24,24,8,'Minima dolores aut maxime saepe magni nostrum. Quis consequatur distinctio occaecati libero magnam repellendus ea. Occaecati non a similique. Molestias sit non eveniet tempora. Iste minima ad voluptatem non sunt odio at enim.',0,0,'2012-06-28 09:20:32'),(425,25,25,1,'Id saepe et non dignissimos eligendi molestiae qui. Ea est nihil voluptatem. Nostrum qui corrupti perspiciatis odio doloribus. Quas quia id aperiam saepe quia consequuntur qui.',1,1,'2018-08-19 22:06:19'),(426,26,26,2,'Et tempore ratione earum. Voluptatem et rerum nemo et dolore dolor. Qui distinctio ut soluta ab incidunt amet asperiores.',0,1,'2018-10-21 07:29:50'),(427,27,27,3,'Velit ullam quas aliquam odio. Aut modi consequatur aspernatur ipsam. Vel aspernatur veniam atque distinctio commodi.',1,0,'2015-12-19 15:46:20'),(428,28,28,4,'Voluptatem qui et necessitatibus fuga dolor quod. Quasi qui qui repellat rerum rem.',0,1,'2017-07-14 07:43:27'),(429,29,29,5,'Qui cum corporis ipsam asperiores. Aliquam est nihil quia voluptas sapiente et. Quas eos nemo atque commodi officiis porro et. Aut est tempora deleniti occaecati consectetur dolorem laudantium.',0,1,'2015-10-12 19:34:41'),(430,30,30,6,'Enim sit eos aut dolorum dolore porro et commodi. Qui itaque harum rem ipsa voluptas vero aut. Quisquam facilis qui est occaecati nihil. Aliquam velit adipisci sed voluptas.',1,1,'2013-08-22 23:25:14'),(431,31,31,7,'Officiis neque quia doloribus unde cupiditate. Totam et cum aperiam culpa eos. Incidunt voluptatem enim qui minus omnis. Quam occaecati ipsam ut libero.',1,0,'2010-05-05 09:13:17'),(432,32,32,8,'Ea sit dolore laudantium asperiores. Asperiores ut nihil quae rem error id. Tempora itaque vitae est expedita qui. Eos quia veniam nostrum tempora temporibus est est consequatur.',0,1,'2017-03-08 09:08:55'),(433,33,33,1,'Omnis accusantium quo ut porro qui. Minus incidunt illum nobis ut quam. Suscipit voluptatem sunt suscipit non dicta id.',0,0,'2010-08-08 07:55:59'),(434,34,34,2,'Facilis facere libero quo maiores ab. Voluptatem sed sapiente numquam.',1,0,'2019-06-16 22:49:52'),(435,35,35,3,'Voluptatem ea et incidunt eos delectus et molestiae. Consequatur quia dolor perspiciatis id quibusdam dolorem. Cumque autem recusandae voluptatem totam porro labore sit possimus. Aut ut reiciendis ullam ducimus ratione architecto.',0,0,'2013-12-23 15:15:05'),(436,36,36,4,'Nesciunt accusamus molestias consequuntur labore architecto provident dolor. Et enim voluptatum officiis dignissimos mollitia autem. Eum corrupti non temporibus aut quia non sapiente. Tempore consequuntur eligendi placeat id explicabo. Consequatur aut similique soluta voluptatem ipsa.',0,1,'2012-10-07 01:25:33'),(437,37,37,5,'Autem totam nihil dolore totam. Aspernatur quis voluptate error. Est doloremque vel fugiat maxime vel sunt. Ea quae voluptatem aut numquam.',0,0,'2018-08-09 20:41:27'),(438,38,38,6,'Dolores id est dolorem autem sed. Eos accusantium dolor deserunt provident et rem non. Ut animi voluptas et incidunt. Et quisquam adipisci illo nemo. Numquam ut voluptatibus ut voluptas.',1,1,'2019-09-16 07:20:30'),(439,39,39,7,'Et voluptatem temporibus sunt debitis quae enim. Ut architecto exercitationem libero qui quo perferendis omnis rerum. Perferendis et molestiae sunt quas et ex accusamus illo. Occaecati iusto in hic quibusdam dolore et distinctio ex. Fuga quisquam cupiditate corrupti placeat repellat.',0,1,'2015-08-21 20:50:31'),(440,40,40,8,'Odio mollitia rerum ex facilis et rerum. Sint repellat enim molestiae et et et. Et nisi et est omnis odit. Aut et sint sed.',0,1,'2017-07-22 14:47:32'),(441,41,41,1,'Odio sit delectus culpa ipsa sapiente id. Soluta eligendi eveniet culpa ut sunt velit et. Architecto id vitae fugiat quia sunt optio aut.',1,1,'2020-03-06 08:02:52'),(442,42,42,2,'Dolorem id maiores nostrum ut sint. Sint dolores iste non nihil ullam velit est. Voluptatem ut tempore inventore magni aut omnis molestias. Quos ut ut ut tenetur enim velit at.',1,1,'2012-08-05 09:34:31'),(443,43,43,3,'Consectetur expedita delectus eos ipsa similique sed incidunt. Omnis ea nisi nesciunt cupiditate. Rem accusamus quia culpa corporis aut saepe et.',1,1,'2014-12-01 14:03:15'),(444,44,44,4,'Quam vel mollitia totam illum cum corporis. Earum accusamus tempore qui debitis corrupti et non.',0,0,'2019-08-18 10:11:19'),(445,45,45,5,'Magnam ducimus qui sed debitis. Dolor id eum temporibus repellat accusamus dolor. Impedit expedita atque similique facere ullam.',1,0,'2013-09-21 13:34:43'),(446,46,46,6,'Eos excepturi quasi alias ut autem sit cumque autem. Nulla et ut officia sed eveniet expedita consectetur. Ea atque perspiciatis a et doloribus.',1,1,'2017-12-31 09:32:47'),(447,47,47,7,'Iusto mollitia possimus architecto sunt reiciendis explicabo. Autem omnis earum corrupti architecto esse pariatur ut minima. Inventore et molestiae deleniti mollitia accusamus nostrum.',1,1,'2014-11-10 08:45:31'),(448,48,48,8,'Adipisci et non labore sapiente et nihil. Ipsum provident dolor et possimus officiis itaque. Aut molestiae quas rem illum.',0,0,'2017-10-19 02:59:42'),(449,49,49,1,'Sed qui vitae aut rerum assumenda est. Ad incidunt harum reiciendis in. Et alias delectus ut distinctio ut. Quis corrupti eligendi et laborum facilis quasi ullam minus.',0,0,'2014-03-12 10:31:59'),(450,50,50,2,'Sequi atque amet aperiam voluptates sint ut. Natus unde qui et voluptatem. Animi omnis vero unde tempora sed est. Rem quod quis quo consequuntur porro.',0,1,'2017-04-26 10:05:12'),(451,51,51,3,'Minus ipsum rem eaque sunt quo libero deleniti. Quisquam consequatur vel nesciunt sunt ab illum ex. At mollitia explicabo incidunt nisi enim. Aliquid dolores qui sunt temporibus repellendus quas eos.',0,1,'2016-10-03 22:58:52'),(452,52,52,4,'Aperiam facere architecto delectus qui dolores. Ab doloremque qui facilis quibusdam. Aperiam quasi consectetur recusandae facilis rerum dolor. Nihil consequatur assumenda commodi aut fugit voluptates quia.',0,1,'2018-08-05 03:48:18'),(453,53,53,5,'Quasi accusamus cumque non dignissimos. Quos quibusdam porro voluptas numquam in. Esse culpa voluptatem facilis omnis dicta magnam est. Molestiae provident voluptas provident sed quod.',0,0,'2013-12-03 01:50:59'),(454,54,54,6,'Error quia exercitationem architecto. Culpa nam quidem dolores error enim sunt et. Earum perspiciatis fuga dicta corrupti. Placeat accusantium vel rerum minima eum quia voluptatibus.',0,0,'2020-02-08 20:22:25'),(455,55,55,7,'In dolorem sit nulla cupiditate ratione et consequatur. Quidem non rerum velit in eum similique reprehenderit recusandae. Occaecati consequatur possimus sunt inventore. Est hic sed omnis dolores dolore.',0,0,'2017-08-24 17:28:04'),(456,56,56,8,'Molestias omnis tempora maxime vero praesentium eligendi nihil. Autem saepe voluptas eius quo rerum sit qui. Consequatur magnam corporis et. Magnam enim odit aut non voluptas.',0,0,'2019-05-31 14:59:15'),(457,57,57,1,'Molestiae atque cum aut eum animi amet. Qui odit quis enim aut atque consequuntur sed. Et sit temporibus tempora soluta sit assumenda consectetur. Facilis quia quia enim repudiandae delectus.',0,1,'2015-06-27 13:00:26'),(458,58,58,2,'Et illum qui est harum ducimus. Porro rerum voluptatem itaque quaerat expedita at. Atque cum qui quod provident adipisci eius illo. Qui cumque nesciunt quia.',1,1,'2014-06-29 01:30:47'),(459,59,59,3,'Illo sint molestias fugit ut cum provident reiciendis. Beatae non similique voluptatibus. Perspiciatis et et ipsam tempora aliquam deserunt consequatur.',0,1,'2011-05-01 01:10:00'),(460,60,60,4,'Aliquid inventore sunt quia deserunt eos eveniet ut minus. Maiores quibusdam nesciunt porro. Qui omnis vel tempora odit. Voluptas ut et est aliquid.',1,1,'2017-09-08 16:00:42'),(461,61,61,5,'Mollitia in culpa doloremque maxime eaque et. Quaerat sunt tempora aut omnis. Sed velit quasi cumque reprehenderit ratione.',0,1,'2018-05-27 11:45:16'),(462,62,62,6,'Alias at ab dolores nihil. Officiis provident qui qui animi atque. Et debitis quam fuga ut sed facere rerum. Velit in dolorum explicabo possimus voluptas.',1,0,'2011-05-10 23:44:48'),(463,63,63,7,'Esse ad fugit earum dicta eum ut eveniet vitae. Tempore asperiores voluptas fugiat molestiae error similique. Temporibus mollitia quis ad quia eius quo fugit. Odio sit laudantium qui quibusdam.',1,1,'2019-12-11 14:37:20'),(464,64,64,8,'Iste eos dolor atque voluptatem dolorem. Ex ea quia quas voluptatibus est sit consectetur eveniet. Earum autem nulla quo id tempore laborum laborum. Pariatur beatae error quisquam perferendis omnis ipsam.',1,1,'2014-01-11 12:19:27'),(465,65,65,1,'Eum non reiciendis sed nesciunt voluptatem dolor et. Maiores adipisci quasi ut similique magnam non maiores. Iusto similique qui perspiciatis aut fuga totam sit. Error laborum molestias recusandae porro voluptas recusandae hic.',1,1,'2014-04-11 07:40:29'),(466,66,66,2,'Est modi ratione hic. Quia et est non eum. Fugit quo et hic ut. Odit doloribus quae velit tempora.',0,0,'2019-04-24 16:06:04'),(467,67,67,3,'Ullam aut eos facilis ut. Consectetur harum porro qui quidem. Distinctio molestiae tenetur eos incidunt id natus.',1,0,'2014-06-15 13:14:02'),(468,68,68,4,'Labore tenetur ullam molestiae et suscipit expedita rerum. Voluptatem ipsa aperiam dolores quos minima id. Dolores necessitatibus excepturi debitis quia saepe est. Et et dignissimos recusandae autem.',0,1,'2018-04-03 02:19:44'),(469,69,69,5,'Porro voluptas facilis animi. In ut eaque laborum qui et sit. Sunt sint asperiores quod eum recusandae rerum quaerat quisquam. Consequatur saepe quis in tenetur repudiandae quo alias.',0,1,'2011-09-21 14:47:42'),(470,70,70,6,'Quis incidunt reprehenderit recusandae id atque maiores unde. Non repellendus repellendus at est. Doloremque ratione adipisci eligendi amet odit placeat quaerat. Commodi eum porro quia facilis.',0,1,'2011-06-13 02:13:50'),(471,71,71,7,'Sapiente et eaque omnis eos ratione. Deserunt culpa ex ipsa id repellat. Aspernatur vel ex dolorem soluta eum aspernatur. Provident et expedita eligendi ea est vitae.',0,1,'2016-12-25 11:08:40'),(472,72,72,8,'Nisi consequatur occaecati in alias possimus tempora consequuntur sed. Cumque voluptatum ut dolor deleniti. Qui nemo modi numquam aspernatur est. Tenetur et odit illum dolorem dolore id sint.',0,0,'2016-05-04 10:38:05'),(473,73,73,1,'Nemo aut reprehenderit beatae voluptatem. Dolores eligendi odio earum consequatur quo perspiciatis. Commodi dignissimos hic aliquid sit.',0,0,'2013-10-22 00:54:57'),(474,74,74,2,'Libero possimus quia cupiditate quia nihil dolorem eius. Et animi illo adipisci nulla aut. Nesciunt error aut tempore in expedita praesentium.',0,1,'2018-10-15 12:13:46'),(475,75,75,3,'Voluptas adipisci optio non. Atque sint dicta quo et voluptas at ea pariatur. Quia unde asperiores accusantium perferendis. Voluptatem aut adipisci non. Ipsa accusamus maiores voluptate in tenetur quis.',1,1,'2011-08-14 07:33:31'),(476,76,76,4,'Porro qui earum occaecati labore. Id omnis voluptatem aut quia enim. Quod sunt facere amet. Minus quia nam harum.',0,0,'2014-07-31 13:48:36'),(477,77,77,5,'Sint ducimus autem aut dicta consequatur. Illo eum facere dolor eum sit maiores laborum. Nemo ut ex odit quia quos. Ut velit eum voluptatem expedita.',0,1,'2011-09-23 23:20:18'),(478,78,78,6,'Iste porro voluptates aperiam. Aliquid numquam quis quis nihil qui.',1,0,'2019-08-28 11:14:04'),(479,79,79,7,'Occaecati quis voluptatem voluptatum eaque. Quia aut alias et illum. At cupiditate velit vel et modi numquam sint. Aut itaque dolore minima earum quam.',0,1,'2017-03-27 00:59:27'),(480,80,80,8,'Rerum officiis occaecati aut est non. Atque accusantium cum qui et corrupti nemo. Voluptatem voluptates iste eum inventore eos dolorum.',0,1,'2017-04-13 01:15:34'),(481,81,81,1,'Ratione corrupti nemo et. Nisi sint labore in qui. Est consequatur magni saepe eos id. Voluptatem deleniti et possimus hic dicta doloremque.',1,1,'2014-10-15 10:34:36'),(482,82,82,2,'Aut magnam consequuntur sed voluptate magni voluptas et maxime. Consequatur blanditiis dolor corrupti sint sit fugiat. Vero vero enim rerum alias.',1,1,'2018-05-05 04:41:27'),(483,83,83,3,'Quia laudantium officiis molestiae. Et voluptatem itaque quidem.',0,1,'2010-09-10 10:16:42'),(484,84,84,4,'Qui distinctio et modi architecto ut. Et error ea temporibus a. Nemo porro velit qui sequi animi libero. Perferendis sit sed necessitatibus officiis iusto sed dolore perspiciatis.',0,1,'2018-11-07 11:19:54'),(485,85,85,5,'Dicta laudantium aut et soluta. Voluptatem qui asperiores dolorem sed et. Nihil quas reiciendis temporibus nam. Assumenda deleniti sed eos sapiente consequatur.',1,0,'2018-09-07 00:39:13'),(486,86,86,6,'Sequi soluta enim sint facilis aut asperiores facilis aut. Sed sed quis non facilis eum dolores. Ut velit ad reprehenderit et labore eos velit. Corporis numquam id dolores rerum voluptas et. Voluptate molestiae omnis quidem ut fugit ad tempora.',0,0,'2011-02-20 14:16:52'),(487,87,87,7,'Omnis velit qui dolorem corrupti accusamus. Et et debitis dicta consequatur beatae atque. Deleniti tempore dolores sit qui possimus laborum quas. Dolores illum sed maxime est autem suscipit. Blanditiis molestiae sunt accusamus nam omnis libero aut.',1,1,'2016-02-01 01:58:08'),(488,88,88,8,'Est et eos quia magni et. Veritatis ut minima iusto sed cupiditate tenetur. Exercitationem corporis voluptatibus architecto vero quis cum necessitatibus consectetur. Molestiae porro occaecati ut qui alias et nobis.',0,0,'2018-05-15 18:54:51'),(489,89,89,1,'Illum est soluta quia ullam laboriosam nisi. Porro ratione dolorem molestiae et eveniet ducimus impedit laboriosam. Sed nostrum mollitia iusto maxime.',0,0,'2019-06-16 10:16:51'),(490,90,90,2,'Cum aut debitis velit consequatur dolorem cupiditate amet. Corporis architecto nihil sunt enim et molestiae. Consequatur et error eum exercitationem qui omnis. Beatae recusandae reprehenderit officiis cum eligendi quos.',0,1,'2014-03-15 21:14:14'),(491,91,91,3,'Facere alias adipisci accusantium voluptatem fugiat minima voluptatem. Et praesentium explicabo voluptas qui rem assumenda officia delectus. Occaecati cupiditate iusto deleniti molestiae. Porro eos in nam magni vitae earum nostrum.',0,0,'2011-03-05 01:54:22'),(492,92,92,4,'Commodi a eius aut ipsam. Itaque cum commodi et est ut voluptate. Sed unde dolorem ut eligendi necessitatibus cupiditate.',0,0,'2013-09-25 07:31:25'),(493,93,93,5,'Odio laborum ut neque quisquam ratione et iste. Voluptatem aliquam voluptas quidem velit iusto quo. Pariatur est molestiae corrupti. Quod officiis ullam illum quod consequatur soluta accusamus eveniet.',0,0,'2017-06-17 18:24:47'),(494,94,94,6,'Qui est ad fugit dolores et quis. Est possimus nobis et quis iste ducimus ut error. Illum perspiciatis alias facilis tempora quaerat. Ab qui ullam quia asperiores alias dolor ut.',1,0,'2018-12-26 00:47:25'),(495,95,95,7,'Accusamus consequatur officiis porro sed sunt. Enim est mollitia quos deserunt et nostrum.',1,0,'2019-11-17 03:45:47'),(496,96,96,8,'Veritatis excepturi rem non dolor. Eum aut voluptatem et nobis. Voluptates esse qui quo facilis et molestiae nesciunt.',0,0,'2013-01-14 03:33:38'),(497,97,97,1,'Natus cum rerum libero. Ut nobis aliquid distinctio consectetur cupiditate magnam laboriosam. Omnis optio perferendis aut accusantium. Qui repudiandae distinctio odit explicabo in aut est eveniet.',0,0,'2019-07-21 21:17:21'),(498,98,98,2,'Qui eius cumque sed aliquam. Quo amet quo a ut. Harum consequatur ad eligendi et eligendi. Odio provident eos exercitationem.',1,1,'2014-12-04 19:34:29'),(499,99,99,3,'Voluptatem sed quod praesentium aut laboriosam officia. Velit aut molestiae itaque eius soluta impedit deleniti. Ex minus voluptate tempore qui omnis. Fugiat et aut voluptatem exercitationem reprehenderit.',1,0,'2015-11-28 09:35:21'),(500,100,100,4,'Eius mollitia soluta odio tempore. Incidunt incidunt numquam aut quas impedit doloremque possimus dignissimos. Facere et eum aut quibusdam quod. Repellat libero sequi nesciunt et quibusdam voluptates.',1,0,'2010-06-15 22:13:17'),(501,1,1,5,'Exercitationem fuga dolores quasi sit. Voluptas dolorem sit cum delectus. Aut qui facere amet rem incidunt sequi.',1,1,'2011-10-05 12:17:36'),(502,2,2,6,'Modi est fuga tenetur libero et error delectus. Molestias non incidunt reprehenderit. Dolore quidem ab adipisci porro adipisci ipsum.',1,1,'2016-04-27 17:37:35'),(503,3,3,7,'Nihil doloremque repellat reiciendis molestiae. Eligendi qui a ut beatae et in alias. Suscipit qui fugiat doloribus recusandae quas qui.',0,0,'2010-08-25 11:42:06'),(504,4,4,8,'Minima culpa repellat ea vel. Quidem eveniet vel dignissimos optio rerum placeat deleniti.',1,0,'2016-08-05 14:12:48'),(505,5,5,1,'Nemo sit autem adipisci optio occaecati laboriosam repellat. Dignissimos accusantium harum aperiam est. Et et quos illo est et voluptatem.',0,0,'2018-10-23 08:00:35'),(506,6,6,2,'Aut illum consequatur fugit et id et. Doloremque voluptatem ut architecto dolores dolores ab et. Corporis at quasi temporibus amet eos est. Aut dicta molestias autem dignissimos est dicta animi.',0,0,'2013-07-06 12:10:19'),(507,7,7,3,'Ut facere voluptas asperiores est vitae omnis quia. Quo est harum ut quo consectetur. Qui quia eos quasi aspernatur. Iusto ex voluptatem aliquam culpa molestias quisquam dolorem.',0,1,'2018-01-08 10:33:23'),(508,8,8,4,'Ab corrupti qui voluptas qui. Fugiat alias voluptates inventore voluptatem velit laboriosam illum perspiciatis. Iste dolores aliquam officiis ea fugiat exercitationem. Ut possimus laudantium quidem perferendis. Sint magnam architecto in repellendus sint.',0,1,'2012-04-24 10:15:00'),(509,9,9,5,'Provident ab aut adipisci excepturi impedit at. Itaque eveniet nihil quo nihil. Beatae totam doloremque est sunt.',1,0,'2013-04-07 10:39:39'),(510,10,10,6,'Architecto quasi qui quibusdam est beatae. Quidem provident totam quas laboriosam sed incidunt doloribus reprehenderit. Laboriosam dolor fugiat labore qui laboriosam dolores. Et repellendus aut nisi quasi et laboriosam.',1,1,'2014-04-11 04:24:05'),(511,11,11,7,'Labore dolores rem sit pariatur suscipit voluptatibus similique. Sapiente quia hic voluptatem at quo. Esse animi ut at alias ea maiores est at. Ipsa dolor facilis dolores ut dolor molestiae.',1,1,'2019-08-01 21:58:48'),(512,12,12,8,'In nobis ipsam perferendis voluptatem sunt qui. Sapiente et sint omnis voluptate odit. Quia reprehenderit repudiandae saepe voluptas eius et.',1,1,'2010-10-15 23:31:40'),(513,13,13,1,'Tenetur dolores soluta inventore nesciunt. Dolorem omnis modi sed illo eveniet eius ipsum. Autem odio porro eius aliquid libero asperiores. Odio eum iure at quia quia temporibus.',0,1,'2018-09-19 18:06:44'),(514,14,14,2,'Quos et aspernatur fugiat nobis ratione. Sequi doloribus officiis aut animi. Earum quis voluptatibus accusantium fugit distinctio modi. Rerum molestiae animi exercitationem id ut aut ut.',1,1,'2019-12-13 16:27:24'),(515,15,15,3,'Laboriosam non non temporibus vel. Qui placeat laudantium corporis. Suscipit tempore nam rerum. Enim nisi quia voluptatum libero qui est inventore.',0,0,'2015-04-28 15:00:31'),(516,16,16,4,'Rerum quia maxime assumenda tempore. Porro doloremque iure eum aspernatur id. Molestiae soluta libero sunt earum.',0,0,'2016-02-23 10:28:20'),(517,17,17,5,'Repellendus est velit fuga omnis exercitationem tempore maiores. Aspernatur delectus unde fugiat. Dolore ut quisquam quas nemo id voluptatem.',0,0,'2011-01-27 12:33:23'),(518,18,18,6,'Dolor odio voluptatem eius qui at dolorum. Est molestias aspernatur quia debitis provident. Est rem nemo qui. Et dignissimos praesentium eveniet aliquid velit ex unde dicta.',0,1,'2010-09-14 16:17:23'),(519,19,19,7,'Temporibus quaerat autem dolores. Quae facilis similique voluptatem accusantium voluptates unde. Sit ab beatae dolores quia. Deleniti eaque maxime commodi pariatur quia quisquam.',0,0,'2017-11-27 05:04:52'),(520,20,20,8,'Ullam qui quia ab doloribus est. Sit harum dicta quidem quod voluptas quam. Exercitationem corporis ea possimus. Quisquam maiores esse quia porro repellat adipisci.',0,0,'2017-04-16 06:04:44'),(521,21,21,1,'Aspernatur in totam provident corporis. Voluptas est ullam provident. Exercitationem quia neque et dolores non assumenda dolores voluptas. Quidem repellendus corporis placeat quisquam mollitia enim.',1,1,'2018-01-20 04:04:40'),(522,22,22,2,'Qui provident ut debitis quod earum id quia. Optio voluptatibus laboriosam rerum voluptates id dolore corrupti. Laboriosam eum et ut doloremque magnam voluptatum perferendis delectus.',0,1,'2013-12-23 18:41:53'),(523,23,23,3,'Quaerat eos quo ut dolore perferendis. Facere laborum natus est deleniti expedita aliquid nihil. Exercitationem voluptas debitis aperiam consectetur quisquam.',1,1,'2016-01-18 20:28:39'),(524,24,24,4,'Itaque dolore id enim atque velit. Pariatur unde natus ut et. Ducimus fuga ea sunt ea vitae. Commodi qui eligendi iusto. Non necessitatibus consectetur voluptatem quia accusantium ut voluptates.',0,0,'2016-09-02 17:51:21'),(525,25,25,5,'Numquam et tempora quaerat vero voluptatem. Eum incidunt recusandae voluptas praesentium. Nam reprehenderit voluptatem voluptate enim voluptatem voluptas. Praesentium corporis qui veniam aspernatur sint.',0,1,'2019-11-19 04:16:45'),(526,26,26,6,'Tempora architecto hic eum qui accusamus quaerat unde. Dolorem aperiam ut sunt tempore ut. Aut molestias perferendis commodi vero odit vitae est omnis. Perspiciatis omnis odio possimus et.',1,0,'2010-07-30 03:39:35'),(527,27,27,7,'Aliquam molestias aut aut ullam. Et itaque blanditiis officia quia. Ab adipisci sed non. Voluptatum ratione sit cum aut nihil.',1,1,'2013-02-03 12:49:57'),(528,28,28,8,'Molestiae saepe laboriosam earum sed voluptatem qui hic ea. Exercitationem consectetur tenetur ut pariatur quis rerum. Fuga fugit consequuntur sed et expedita. Est harum a voluptas.',0,1,'2014-06-14 10:57:18'),(529,29,29,1,'Suscipit vel suscipit et soluta. Quisquam rerum tempore minima minus eaque quae. Ut explicabo vel ipsum et.',1,0,'2012-05-26 19:34:01'),(530,30,30,2,'Ullam totam aut magni velit corporis maiores. Velit molestiae accusantium vitae blanditiis omnis quam distinctio. Nihil ex maxime aut dolorum quae. Quas dicta dolores ducimus illo. Sit aut eos accusamus ipsam minima.',1,0,'2011-11-15 01:45:15'),(531,31,31,3,'Sed vel mollitia enim voluptate explicabo sed. Quasi ut sit repellendus ut qui consequatur. Molestias repudiandae ducimus laborum similique nemo.',0,1,'2017-01-06 23:15:09'),(532,32,32,4,'Laudantium quia neque quia et. Architecto amet dolor velit in quo ipsam. Velit necessitatibus perferendis eaque enim quia quia optio tenetur. Quia repudiandae earum saepe laboriosam voluptas voluptas et.',0,0,'2015-01-02 10:53:05'),(533,33,33,5,'Omnis occaecati deleniti doloremque veritatis aut. Voluptas a exercitationem ullam magni totam ut. Et rerum sit incidunt enim voluptas ut.',1,1,'2013-03-09 03:49:50'),(534,34,34,6,'Sed ut porro suscipit enim aut quia. Est consequatur adipisci et aut dolores sit. Quod asperiores minus dolorem sapiente beatae consequatur neque.',0,0,'2016-01-17 10:42:21'),(535,35,35,7,'Odio blanditiis asperiores quo quia adipisci blanditiis sapiente. Accusamus quia id officia aut aut consequatur harum. Saepe commodi rem quia enim occaecati nihil eos dolorem.',1,0,'2012-10-23 19:35:10'),(536,36,36,8,'Quasi quia ut pariatur et ipsum autem error. Qui voluptas mollitia dolore ducimus. Maiores nobis quae soluta. Dolores molestiae et facilis natus quisquam dolores omnis.',0,1,'2012-01-22 23:20:52'),(537,37,37,1,'Quidem necessitatibus magni illo et animi. Magnam eius doloribus nobis dolores corporis reprehenderit magni. Omnis rerum molestiae voluptates inventore.',0,1,'2018-03-08 09:15:29'),(538,38,38,2,'Tempora omnis et quaerat sunt ut itaque numquam. Non placeat fuga voluptate recusandae sint. Consectetur eligendi beatae recusandae aspernatur.',1,0,'2011-02-20 05:47:12'),(539,39,39,3,'Et sed quidem tempore at. Dolores neque repellat illum dicta consequatur quae officia et. Aut dignissimos aut quidem. Earum labore quia aspernatur velit.',0,0,'2018-07-17 04:33:59'),(540,40,40,4,'Et ut vel illo corporis totam est ut. Magni officia iure quaerat eius et est aut. Officiis non culpa nam modi aut. Et sed doloremque dolorem accusamus ad perferendis sint.',0,0,'2013-05-19 03:07:50'),(541,41,41,5,'Iste earum et perspiciatis quae. Maiores ratione ratione hic dolores qui hic saepe. Quae excepturi accusamus consequatur totam itaque odio ut doloremque.',1,1,'2013-09-08 06:14:01'),(542,42,42,6,'Blanditiis est similique animi perspiciatis voluptas voluptas. Ab impedit vel est atque expedita velit. Dicta et enim ut fugiat consequuntur quis. Porro repellat et odit provident natus id.',0,0,'2013-07-17 21:25:37'),(543,43,43,7,'Maxime vero corrupti eum ab. Commodi rerum ut tempora impedit occaecati et dolor distinctio.',0,0,'2019-02-16 03:07:09'),(544,44,44,8,'Officia magni non tenetur. Enim enim culpa sed aut sed. Non sint iure nobis aut a soluta. Nam omnis esse delectus.',1,0,'2012-06-09 05:55:19'),(545,45,45,1,'Necessitatibus excepturi aperiam enim unde debitis dicta ut. Aspernatur ut consectetur officia ut quis quaerat. Et ab asperiores dolor eaque officia molestias.',0,1,'2014-07-02 03:49:05'),(546,46,46,2,'Mollitia amet officia voluptatum consequatur itaque. Et et officiis vel adipisci blanditiis cupiditate. Consequatur ut ut ipsam et. Aspernatur eaque quaerat quam laborum cupiditate explicabo.',1,0,'2014-04-18 20:27:04'),(547,47,47,3,'Soluta aperiam fugit sint dolorem itaque quia. Aut quia molestiae et sit fuga voluptatem. Quo consequuntur incidunt voluptatem aut vel numquam accusantium deserunt. Quo facere quibusdam fugiat voluptatem. Quam tempora et nihil sed unde eaque quos.',0,0,'2018-03-07 02:34:22'),(548,48,48,4,'Laboriosam velit est mollitia dolore adipisci tempora. Voluptatem recusandae libero et.',1,1,'2015-09-23 15:41:25'),(549,49,49,5,'Numquam quia aliquid minima voluptatem ut hic et. Ex quos maxime atque qui. Officia velit corrupti sapiente maxime ea aspernatur nobis ut. Voluptatem quo fugit voluptates corporis quo. Autem et molestiae repellendus est dolorem exercitationem animi.',0,0,'2014-04-01 02:07:20'),(550,50,50,6,'Perferendis magnam ex voluptas aut recusandae ipsum vero. Velit dicta sed reiciendis ut accusamus. Non qui qui voluptas aut commodi ratione deserunt. Ut ducimus accusantium laudantium.',0,0,'2013-07-12 09:13:41'),(551,51,51,7,'Autem magni in aspernatur qui eveniet quae voluptatem nobis. A atque animi nihil et. Hic optio aut aut velit quisquam labore qui.',1,0,'2010-07-03 06:12:35'),(552,52,52,8,'Sit nobis deserunt perferendis nam est. Sed nobis consequuntur itaque temporibus odit quia est rerum. Sed dolor autem modi tempore unde fugiat cupiditate.',1,1,'2015-12-07 21:55:19'),(553,53,53,1,'Consequatur veritatis tempora aut animi expedita maiores repellat. Voluptatem rerum saepe rerum et sint odit. Corporis explicabo quis numquam laboriosam omnis odio non at.',0,1,'2018-07-29 17:24:40'),(554,54,54,2,'Distinctio error vel laudantium quae officiis. Atque et distinctio sunt inventore. Sequi molestias dolor corporis temporibus totam tenetur eius.',0,1,'2018-01-19 18:10:18'),(555,55,55,3,'Magnam tenetur impedit fuga et voluptates ad tempore. Ex enim quis nostrum non non magni. Officia enim et in et quidem. Labore temporibus quia dolorem.',0,1,'2014-09-18 14:16:37'),(556,56,56,4,'Et ipsam aut sapiente dolorem impedit. Soluta recusandae quod reprehenderit possimus. Quod nulla suscipit molestias molestias sunt. Quidem aliquam quaerat et aliquam dolorum eum et.',1,0,'2014-07-14 08:03:56'),(557,57,57,5,'Aspernatur voluptatem architecto et delectus. Consequatur perspiciatis aut fugiat. Voluptatem earum id natus recusandae. Et consequatur est nulla hic occaecati.',0,0,'2019-08-14 15:02:26'),(558,58,58,6,'Deleniti a corporis quis. Ad excepturi aut sed sit eius impedit. Reiciendis molestias modi non et et accusamus rerum.',1,0,'2018-06-23 04:31:32'),(559,59,59,7,'Est recusandae reiciendis doloremque libero. Ut accusantium ut ullam ab aut corrupti. Mollitia maxime velit maiores autem nihil.',1,1,'2016-03-07 18:38:20'),(560,60,60,8,'Magni mollitia nobis impedit cum modi. Laudantium ut iure distinctio molestiae ut et hic. Vel id voluptatem at nisi velit similique eveniet.',1,1,'2019-11-22 16:38:01'),(561,61,61,1,'Nulla temporibus cum rem. Dolores deleniti dolor aperiam repellat aut. At accusantium repellendus suscipit mollitia enim.',1,0,'2017-10-29 12:53:15'),(562,62,62,2,'Non animi facilis sit itaque accusantium. Sed maiores dolorum recusandae quis delectus quis natus. Possimus vel delectus quia aut possimus temporibus perferendis vitae. Doloremque quidem saepe at vitae tempore et.',0,0,'2011-05-26 21:58:21'),(563,63,63,3,'Iste accusamus fuga quia pariatur. Non voluptas neque atque. Temporibus et molestiae omnis hic est sequi. Aut unde placeat consequuntur vel ut tempore.',1,0,'2018-10-08 10:52:10'),(564,64,64,4,'Non quia voluptas deleniti neque. Porro impedit ex aut excepturi dignissimos officia sed. Cum error est ipsum. Excepturi occaecati nostrum non est dicta. Mollitia harum perspiciatis aut ex nam ea et.',0,1,'2011-02-07 04:48:17'),(565,65,65,5,'Dolorem et dolorem facere. Ab est suscipit et commodi. Omnis aliquid dicta voluptatem dolores ut dolores occaecati.',1,0,'2011-01-06 05:36:13'),(566,66,66,6,'Nam accusantium et eveniet vel. Iste quidem adipisci doloremque. Quia deserunt debitis quo dolor quisquam sint cumque incidunt.',1,0,'2015-09-05 18:41:03'),(567,67,67,7,'Labore nulla quae laudantium enim. Aut voluptatem repellendus ea. Assumenda deserunt at assumenda.',0,1,'2017-12-15 10:14:18'),(568,68,68,8,'Autem et doloremque culpa quam quia molestias ipsum. Praesentium explicabo aut dolorem quam consequatur aliquam qui. Ut earum labore non suscipit ut impedit.',0,1,'2011-12-15 17:03:13'),(569,69,69,1,'Aperiam magnam assumenda inventore ea. Laborum consequatur aliquam iure est qui laboriosam excepturi. Nihil mollitia ut nemo ea ipsam.',1,0,'2014-04-11 07:57:33'),(570,70,70,2,'Nesciunt cum minima dolorem provident alias veniam non aliquid. Placeat expedita voluptatem consequatur dicta. Corrupti consequatur ipsum eligendi rerum. Debitis labore repellendus rem asperiores facere voluptatem nihil. Consequatur a distinctio sunt voluptates commodi iure labore nobis.',1,0,'2010-11-04 22:14:56'),(571,71,71,3,'Et sit sed repellendus veritatis id tenetur. Tempora corporis aut ut.',0,0,'2018-05-01 01:00:02'),(572,72,72,4,'Accusamus voluptas nostrum rem repellat quam. Sit natus qui exercitationem architecto. Alias quia repellendus quia tenetur. Et doloremque autem quo nemo. Ut aut temporibus sit dolor ipsum.',1,1,'2011-02-17 02:29:01'),(573,73,73,5,'Et voluptas et omnis voluptas. Quae omnis eveniet aliquam omnis ad. Voluptate perferendis voluptas harum magni eius minus in.',0,0,'2017-02-12 23:25:29'),(574,74,74,6,'Occaecati dolorum nulla dolores. Nulla consectetur eaque aperiam enim eum distinctio sunt eaque. Magnam exercitationem dolorum quibusdam quo doloribus. Non numquam sint et autem nihil.',1,0,'2011-04-01 11:21:54'),(575,75,75,7,'Esse aliquam et repellendus deserunt vel. Assumenda consequatur quasi quia. Sed iusto repudiandae fugiat sequi incidunt.',0,1,'2011-07-30 22:02:15'),(576,76,76,8,'Suscipit earum atque doloremque dicta nisi quo tempora. Officiis ipsam est inventore est id architecto. Est assumenda et cupiditate incidunt. Vel ut consequatur atque dignissimos officiis ut recusandae. Qui libero qui est reprehenderit molestiae quos dolorum.',0,1,'2015-07-09 06:04:34'),(577,77,77,1,'Non et debitis est ullam eum. Dolores repellat laboriosam sed explicabo repellat. Modi debitis dolorum necessitatibus quia voluptates quisquam. Deserunt ut itaque praesentium autem iure sit.',1,0,'2010-07-09 00:31:36'),(578,78,78,2,'Necessitatibus aut dolores pariatur ut. Animi harum veritatis quibusdam similique. Voluptates voluptates quia quaerat et ut vel.',1,1,'2010-09-04 16:45:05'),(579,79,79,3,'Est labore dolor beatae esse et eum. Nesciunt voluptatem placeat est in temporibus repudiandae. Vel dolorem modi illo optio repudiandae voluptas in. A iste enim deserunt deleniti commodi vero.',1,1,'2014-07-10 05:40:19'),(580,80,80,4,'Explicabo repudiandae ipsam asperiores eveniet et fuga est. Numquam doloribus qui aut enim aspernatur placeat. Illum enim error natus quas. Rerum placeat molestiae aut debitis blanditiis suscipit magnam.',0,1,'2014-08-13 00:10:48'),(581,81,81,5,'Quod qui cum quo in explicabo laborum. Architecto reprehenderit sit in eos id eos. Eos aspernatur sint ipsum dolores consequatur assumenda. Ea magni soluta rerum consequatur eum qui consequatur.',1,0,'2012-04-03 07:04:52'),(582,82,82,6,'Alias pariatur vitae aperiam harum. Et explicabo voluptatum aperiam est officia qui dignissimos. Porro qui libero quis molestias consequatur sit. Beatae voluptas minima et eaque.',0,1,'2014-08-17 20:28:18'),(583,83,83,7,'Quam quasi tempora deserunt odio. Quo temporibus tempore aut dolores praesentium. In illum asperiores voluptatem unde. Atque temporibus cumque iure.',1,0,'2011-07-12 22:20:53'),(584,84,84,8,'Minus sed qui ipsa beatae est. Consectetur modi reiciendis expedita et cupiditate porro. Inventore non exercitationem et autem.',1,1,'2017-07-29 23:15:08'),(585,85,85,1,'Cumque quae aliquid sunt vel molestias saepe. Nobis nihil voluptates modi voluptate impedit. Impedit quis ut tempora quasi rerum voluptates ad. Enim tenetur illum vero reprehenderit dolorum aut.',1,0,'2012-10-12 16:34:19'),(586,86,86,2,'Eaque consequatur quibusdam ea itaque adipisci error. Cum dolore doloribus eveniet ut sed. Et consequuntur sapiente sunt modi.',0,1,'2019-11-21 09:15:15'),(587,87,87,3,'Est voluptas dolorem nulla doloribus laboriosam velit. Laborum laborum ut natus ex. Et voluptates necessitatibus nihil modi. In rerum maxime dolor maxime.',0,0,'2018-06-18 10:49:36'),(588,88,88,4,'Cumque deleniti quam aut dolore commodi perspiciatis dolor. Laboriosam nihil vitae rerum consequatur. Suscipit ducimus maiores doloremque ut aut nostrum.',0,0,'2015-12-02 13:28:11'),(589,89,89,5,'Eaque deleniti doloribus facere soluta. Est ad voluptatem possimus non in minima. Deleniti et illo aut facere sed.',0,1,'2018-09-21 08:01:36'),(590,90,90,6,'Dignissimos dolor itaque ut debitis deleniti. Quo iusto soluta et. Quia eligendi ipsam voluptatem quas corrupti rerum.',1,0,'2020-03-14 05:11:43'),(591,91,91,7,'Deserunt aliquam sunt quis placeat dolores. Iste mollitia corporis hic. Et rerum eaque soluta repellendus est.',1,0,'2015-08-08 17:57:04'),(592,92,92,8,'Et architecto ratione in quos ut voluptate. Dolores non modi asperiores harum. Nam ab et et quia.',0,1,'2018-04-17 11:32:07'),(593,93,93,1,'Rerum dignissimos molestias est itaque. Ut et et aspernatur nisi et laudantium. Nisi architecto nemo et excepturi sunt totam ab. Totam adipisci rem porro eum.',0,0,'2015-01-27 06:14:39'),(594,94,94,2,'Tempora molestias tenetur amet. Voluptatem ullam molestiae suscipit deserunt laborum nulla.',0,0,'2015-06-10 13:47:05'),(595,95,95,3,'Quaerat nihil qui tempora distinctio tempora voluptatem ea. Quos nostrum harum reprehenderit accusantium. Dolores inventore delectus et aspernatur animi tempora aut voluptatum.',0,0,'2020-02-01 21:13:05'),(596,96,96,4,'Expedita iusto quidem reiciendis et eligendi necessitatibus. Nemo est quis asperiores cupiditate quia.',0,0,'2016-04-12 05:47:32'),(597,97,97,5,'Dolorem aspernatur ut hic esse laborum. Est qui quo qui veniam impedit mollitia doloribus. Voluptas tempora incidunt porro. Officia consequatur est rerum fuga.',1,0,'2013-10-29 07:32:07'),(598,98,98,6,'Omnis voluptates qui repellendus deserunt. Ullam qui sapiente distinctio veritatis voluptas dignissimos. Recusandae laboriosam ex est quaerat. Ullam sed recusandae sit iste quaerat et quae.',1,0,'2013-07-12 01:12:11'),(599,99,99,7,'Repellendus eaque molestiae sit velit consequatur. Ratione eos nobis ut et quod iure mollitia. Neque doloremque commodi aut qui.',0,1,'2017-08-26 16:12:21'),(600,100,100,8,'Exercitationem qui minus aut. Rerum qui dolorum eos quidem non aut. Vitae voluptatem vero blanditiis fuga.',1,0,'2017-12-27 00:02:11'),(601,1,1,1,'Sit aut quis officia sequi optio eos. Totam sed vel eum facilis optio maxime. Voluptas enim maiores quia omnis. Et perferendis dolorem neque facere veritatis.',0,0,'2013-10-16 11:41:52'),(602,2,2,2,'Explicabo excepturi mollitia ipsum cumque voluptates perferendis occaecati. Est tenetur voluptas magni illum numquam distinctio. Aspernatur facilis non et iure aperiam. Expedita tempora modi dignissimos repellendus nemo.',1,1,'2011-10-03 15:32:58'),(603,3,3,3,'Et quis vel reprehenderit labore enim nam minima. Qui eum quibusdam non sunt. Ipsum ipsam facere tempore.',1,0,'2016-05-24 15:54:52'),(604,4,4,4,'Quod tempora delectus non laboriosam libero. Quasi perferendis qui blanditiis voluptas est repellat. Accusamus dolor numquam repellendus non enim voluptatem qui.',1,1,'2020-02-04 02:48:46'),(605,5,5,5,'Quo repudiandae quos provident numquam. Molestias facere consequatur vel amet dolorem dolorem tempora. Deserunt eaque nulla eos consequatur laudantium quisquam. Ipsum aut voluptatem sequi.',1,1,'2011-02-01 00:36:38'),(606,6,6,6,'Aut ad ut hic id. Nihil voluptas ea nihil natus. Et qui reiciendis nobis rerum aperiam ab nesciunt.',1,0,'2019-03-10 14:15:13'),(607,7,7,7,'Quas consequatur maxime ea atque est. Maxime rerum aperiam sed pariatur architecto veritatis. Est illo accusamus ad eos in omnis ullam eveniet. Similique est laboriosam maxime.',1,0,'2016-03-12 18:28:44'),(608,8,8,8,'Id totam ipsa hic voluptas quia eaque quia. Voluptatem voluptates eos veritatis exercitationem asperiores. Ut nisi ut ea sit laudantium nemo. Est modi et quae quam magnam aliquid fuga.',0,1,'2012-03-15 15:33:30'),(609,9,9,1,'Sequi quidem quia aut. Minus et ut iusto aut. Hic nulla nam et eaque dolores quibusdam deleniti. Rerum iste sunt sint fugiat in rerum eveniet.',1,0,'2012-03-30 07:09:53'),(610,10,10,2,'Tenetur deserunt repellat ipsum non possimus nam. Aliquid et consequatur natus natus qui. Quod est amet enim ut sed saepe animi.',0,1,'2018-05-05 22:22:10'),(611,11,11,3,'Ut quos nisi vitae odit nulla ut. Consequatur eveniet cupiditate et ex quia. Fuga molestiae ad consequatur ut.',0,1,'2016-11-10 08:10:19'),(612,12,12,4,'Eveniet voluptatem sint enim. Sit quis perspiciatis qui distinctio. Eos autem ut ab. Quas vel numquam deleniti nihil.',1,1,'2010-09-26 16:19:34'),(613,13,13,5,'Ex ea autem eum hic eius omnis. Est praesentium sint dolorem ratione. Rem mollitia eaque quisquam eos nisi. Aut molestias quisquam quia et quae aperiam ea.',1,0,'2016-02-23 17:07:14'),(614,14,14,6,'Voluptatem aperiam deserunt explicabo ut illo. Dolores officiis quam ut accusamus. Minima et non adipisci nobis occaecati commodi et. Autem eius porro cumque consectetur est qui.',0,1,'2013-07-15 09:23:49'),(615,15,15,7,'Sunt qui voluptatem odio ea molestiae. Repellat amet illo blanditiis nulla minus. Cumque libero voluptatem quos explicabo sit.',1,1,'2010-09-10 00:10:00'),(616,16,16,8,'Eveniet eum aut magni magnam voluptatum qui. Quisquam ut debitis fuga eum ratione. Dolores minus voluptatem vero architecto.',0,1,'2013-03-31 17:42:07'),(617,17,17,1,'Ipsum sed earum quos reiciendis dolore ullam ullam sint. Aut eligendi aspernatur tenetur a optio ratione velit eaque. Quidem facere velit qui. Debitis voluptatem natus quia natus architecto.',0,1,'2019-03-11 14:29:18'),(618,18,18,2,'Et provident quo reprehenderit earum excepturi molestiae. Quae soluta earum quam. Voluptatem quo sit amet enim praesentium omnis illum.',0,0,'2017-11-01 22:35:35'),(619,19,19,3,'Et quia pariatur consequatur illum suscipit non ullam. Optio aut enim et aut aliquid voluptatem corrupti natus. Saepe pariatur quia iusto quas porro recusandae.',1,1,'2017-02-04 05:26:16'),(620,20,20,4,'Fugiat excepturi nobis quasi sint sed doloribus excepturi sunt. Suscipit consequatur mollitia atque odit neque adipisci dolores eveniet. Est enim id eos recusandae hic.',0,1,'2016-06-24 03:13:57'),(621,21,21,5,'Corrupti iste vero consequatur perspiciatis nostrum ex corrupti explicabo. Id officia veniam consequatur est aliquam. Magni voluptas odio magni inventore sit. Iste in maxime et voluptatibus consectetur minima.',0,1,'2013-09-26 13:54:55'),(622,22,22,6,'Eligendi reiciendis ut nobis in et. Est est deleniti libero blanditiis. Dolorem natus nisi a est minus. Et et esse impedit blanditiis.',0,0,'2015-06-23 10:54:55'),(623,23,23,7,'Temporibus et veritatis sapiente incidunt consequatur. Error nihil id quos facere similique debitis architecto eos. Quia repellendus dolore in eaque eum esse aut. Voluptas quos perferendis qui ea culpa dolorum.',1,1,'2010-11-06 12:51:38'),(624,24,24,8,'Consequatur est non non eos perferendis similique vel. Ut officia quo vero debitis voluptatem accusantium quidem nihil. Voluptate quia perspiciatis aliquam sint omnis et. Veritatis officia deleniti deleniti molestiae ut veniam.',1,1,'2015-08-23 13:39:00'),(625,25,25,1,'Ipsum sit aperiam qui velit. Consequatur quo nemo aliquam cupiditate animi voluptas quia sequi. Voluptatem sint ipsum aut error ab iure debitis.',0,1,'2015-08-13 11:42:25'),(626,26,26,2,'Facere aut quisquam inventore ab ea tenetur. Iste officia ea ut saepe. Sint doloremque suscipit ut voluptatem et molestias quasi ea.',0,0,'2012-12-05 04:34:32'),(627,27,27,3,'Nam eaque quibusdam qui qui voluptas vel voluptatem. Quis quis minus architecto id corrupti vitae. Sequi alias voluptatibus voluptas aut velit.',1,1,'2015-02-24 05:22:16'),(628,28,28,4,'Voluptate sit aut animi. Et omnis qui sit qui aut quo. Saepe est sunt fugiat.',0,1,'2015-12-19 01:23:40'),(629,29,29,5,'Nisi rerum amet deserunt qui explicabo. Architecto enim id atque mollitia. Maxime illo aut qui voluptas possimus.',0,0,'2013-10-15 14:39:34'),(630,30,30,6,'Minus dolores saepe non aut nisi dicta voluptatem facere. Voluptas eos repellendus rerum similique. In consequuntur eos sed cupiditate ut id sunt. Et aliquam aspernatur accusamus quia porro laudantium.',1,0,'2013-05-27 07:47:37'),(631,31,31,7,'Possimus qui qui enim tempore quia reprehenderit. Consequatur corrupti consectetur enim praesentium quia. Nisi omnis eaque nam accusamus temporibus laudantium non.',1,1,'2014-10-07 12:30:48'),(632,32,32,8,'Dolorum nobis non earum sint at. Nostrum aut aut eveniet ad autem in ut. Quo eum assumenda quod eos et inventore. Iure perferendis dolores voluptas.',0,0,'2010-10-01 21:50:52'),(633,33,33,1,'Nesciunt a laboriosam aut ullam modi porro voluptatum. Deleniti nihil itaque aut sit accusantium dolores alias. Voluptatem reiciendis expedita minus modi est inventore.',1,0,'2019-05-06 18:51:25'),(634,34,34,2,'Et reiciendis reprehenderit id qui. Voluptatibus esse quia illum nihil esse illum sed. Ab et aliquid debitis corporis. Omnis fugiat voluptatum ut sed quis qui.',1,0,'2014-05-08 15:08:53'),(635,35,35,3,'Esse accusamus ut molestiae sit explicabo eum. Sunt expedita nesciunt quia ut pariatur. Sequi eligendi voluptate id ipsam qui quod.',0,1,'2013-10-24 16:12:26'),(636,36,36,4,'Aut fugit doloremque commodi aperiam quos. Facilis aut blanditiis voluptas rerum vero aut non laborum. Repellendus quis fugit enim excepturi illum ducimus aut.',0,0,'2018-07-21 19:21:05'),(637,37,37,5,'Officiis perspiciatis corrupti in qui rerum odit dignissimos aspernatur. Voluptas facilis quia nesciunt voluptatem. Maiores a sit dignissimos quia vitae veritatis.',0,1,'2013-01-20 17:41:11'),(638,38,38,6,'Minima tenetur omnis et beatae voluptatibus excepturi. Dignissimos neque blanditiis sed. Necessitatibus iusto animi optio nulla provident.',1,0,'2018-01-03 03:34:51'),(639,39,39,7,'Dicta quidem ipsum dolores. Voluptas ut officia dolores facilis fugit.',0,1,'2017-07-02 05:34:05'),(640,40,40,8,'Fuga similique quia aut impedit voluptas. Veritatis unde sit voluptatem et aut alias. Optio dolores deserunt consequatur non iste nesciunt. Assumenda qui atque et id minus.',0,0,'2010-12-03 03:29:20'),(641,41,41,1,'Impedit incidunt rerum tempora suscipit alias praesentium aspernatur. Soluta est quisquam dignissimos magnam dolorum tenetur reiciendis. Tempore et aliquid cumque sed perferendis aspernatur adipisci. Quia repellendus impedit omnis vel similique et.',0,1,'2018-02-26 18:06:44'),(642,42,42,2,'Velit vel et nulla et nesciunt quos. Ullam dolorum quos voluptas amet reprehenderit saepe sunt. Aut cupiditate a eos dolor.',0,0,'2014-03-20 01:11:40'),(643,43,43,3,'Sit placeat ea cumque dolorem perferendis molestiae explicabo. Est quam dolores facilis repellendus eaque consequatur. Quidem iure sint quo porro dolores.',1,1,'2018-06-24 11:10:37'),(644,44,44,4,'Qui aut minus delectus vero vel non nihil. Placeat veritatis est exercitationem et impedit molestiae. Deleniti ut suscipit totam nihil sapiente sit ex. Eos ut doloremque dolorem ab.',0,1,'2010-11-25 08:42:19'),(645,45,45,5,'Nihil iusto qui et hic aut assumenda itaque. Incidunt eveniet voluptates nam deleniti corrupti cupiditate. Consequuntur amet nostrum eos. Aliquam laudantium commodi veritatis doloremque fuga magnam magnam.',0,0,'2013-01-17 00:40:51'),(646,46,46,6,'Consequatur ex ratione molestiae facilis error nobis. Cupiditate sunt voluptatum ut atque. Aspernatur dolorem dolorem illum similique.',1,1,'2012-08-26 01:47:36'),(647,47,47,7,'Et ullam voluptatem sit qui impedit occaecati. Reiciendis dicta quo dicta tempora sint numquam occaecati. Omnis impedit illum magnam porro optio accusantium illo dolores.',0,0,'2019-03-16 13:47:42'),(648,48,48,8,'Cum repellendus quae veniam qui doloremque dolores iure. Suscipit eaque in voluptatem nisi non pariatur rerum in. Est facere sequi sed dolorem.',0,0,'2013-08-04 17:17:49'),(649,49,49,1,'Ipsum doloribus ut aperiam et quidem sit dolorum. Voluptas quia quidem quaerat. Atque ducimus modi iste molestiae. Non doloribus dolor asperiores.',1,1,'2018-06-26 06:10:06'),(650,50,50,2,'Debitis tempora quisquam eius iste sint ea nemo qui. Aut ut illo esse earum omnis animi. Non molestiae inventore harum ipsa. Ut similique sapiente corporis.',0,0,'2013-11-25 02:12:37'),(651,51,51,3,'Culpa et exercitationem repudiandae quo itaque. Nesciunt deserunt occaecati cum aperiam. Voluptatem doloremque magnam occaecati rerum officiis ut explicabo. Numquam nostrum non quo velit. Qui enim ut cupiditate.',1,0,'2010-07-25 10:26:03'),(652,52,52,4,'Illo sequi voluptas aut aliquam quo aliquid. Minima adipisci quos et consequuntur. Et a incidunt voluptatibus et et accusantium aut voluptatem. Iure et et tempora fuga.',0,0,'2012-11-17 15:30:55'),(653,53,53,5,'Dolores repellendus magni tempora. Sit aliquam officiis veniam quo placeat. Molestias asperiores autem corrupti reiciendis sint.',0,1,'2013-09-20 22:31:28'),(654,54,54,6,'Laboriosam consequatur ut magnam numquam. Ut quisquam ipsam explicabo. Ea est qui illo sit quo. Vero illo at sapiente laborum voluptas dicta.',0,0,'2010-12-15 07:15:22'),(655,55,55,7,'Id quo sunt cum minima minima ea ut libero. Iusto explicabo ipsa voluptatibus rerum aut. Unde porro consequatur laborum qui quia quis.',0,0,'2016-01-19 08:30:23'),(656,56,56,8,'Repudiandae veritatis consequatur voluptates praesentium. Magni quos perspiciatis quo. Quia quod velit perferendis est a aut.',0,0,'2012-08-10 02:26:56'),(657,57,57,1,'Commodi laborum sit suscipit et sed itaque. Cumque ut ipsum illo velit amet corporis. Minus ut veritatis nisi eligendi dolore iure. Est id architecto expedita praesentium enim placeat vitae quia.',1,0,'2013-06-02 08:20:13'),(658,58,58,2,'Facere fugiat omnis quasi eos provident ut. Enim deserunt omnis omnis esse. Voluptatem expedita aut harum quae nulla cum. Pariatur commodi totam temporibus ad autem aliquid. Et nobis ut totam pariatur odio suscipit.',0,0,'2017-10-17 01:13:21'),(659,59,59,3,'Voluptatem rem accusantium ex est eum. Fuga dicta neque voluptate consequatur distinctio eligendi consectetur. Cupiditate qui consequatur non recusandae sint magni quas.',0,0,'2015-01-03 14:45:14'),(660,60,60,4,'Veritatis nihil ducimus eius vero dolore vero. Mollitia qui sapiente vero labore magnam. Est qui doloremque ut dolorem et quas.',1,0,'2016-07-21 22:58:50'),(661,61,61,5,'Voluptatem ut illo necessitatibus voluptatibus eaque autem et. Accusantium labore rerum est accusamus velit animi. Qui delectus molestiae vitae voluptatem earum animi voluptas.',1,1,'2011-09-17 15:53:19'),(662,62,62,6,'Perspiciatis vitae ut beatae quo quia. Doloremque voluptates enim est pariatur et iusto.',1,0,'2016-06-21 03:18:24'),(663,63,63,7,'Exercitationem molestiae explicabo quos magni exercitationem quis. Unde ex doloremque corrupti officiis ex tempora. Autem ut aliquam et quo omnis. Voluptatem ipsum enim eum quisquam placeat.',1,0,'2017-02-25 19:41:31'),(664,64,64,8,'Ut sint et voluptatem error qui totam voluptatem nisi. Dicta officia possimus quidem vel. Eveniet consequuntur inventore dolorem architecto tempora dolore. Aut nemo consequatur perferendis voluptas.',0,1,'2014-02-05 10:43:11'),(665,65,65,1,'Eos et expedita optio quae quam vitae deleniti. Corporis iure non natus dicta. Ex voluptate ratione sunt consequatur et.',1,1,'2013-03-19 08:52:40'),(666,66,66,2,'Dignissimos ipsa nobis numquam. Veniam perspiciatis laboriosam quidem debitis et. Eum necessitatibus ex enim.',0,0,'2017-11-01 01:21:56'),(667,67,67,3,'Occaecati esse aspernatur odio earum perferendis occaecati. Totam eligendi dolores aut porro dolores eum asperiores debitis. Aliquid consequatur quod excepturi cumque.',0,1,'2020-01-18 21:47:18'),(668,68,68,4,'Cumque odit nisi cupiditate placeat hic aperiam ratione. Exercitationem adipisci pariatur similique itaque commodi velit.',1,0,'2016-10-21 21:33:16'),(669,69,69,5,'Odio quia sit dignissimos incidunt dolorum neque. Aut inventore sint veritatis error dolore perspiciatis consequatur. Et molestias velit vitae quos sit eum praesentium. Laboriosam amet quo consequatur dolor aliquam unde ipsam.',0,0,'2018-02-27 15:25:51'),(670,70,70,6,'Hic nisi velit sapiente quod magnam quia. Voluptate nisi nulla quos ut minima. At ut quis et dolore voluptatum quis praesentium. Porro vel amet aut beatae placeat id.',0,0,'2020-02-08 07:07:12'),(671,71,71,7,'Rerum aperiam aut est perspiciatis. Mollitia excepturi eveniet quia itaque. Hic et ducimus odio nemo.',0,0,'2018-07-07 22:12:48'),(672,72,72,8,'Laborum vero est modi corrupti omnis consequatur non. Praesentium voluptates minima quia est illo ut. Autem nisi velit molestiae voluptatem delectus dignissimos.',1,0,'2014-03-06 19:55:29'),(673,73,73,1,'Ut omnis eveniet aut. Saepe aliquam ut ut recusandae est ea nisi non. Sequi sed vel eligendi nisi quos omnis voluptates modi.',0,1,'2017-11-09 05:26:47'),(674,74,74,2,'Autem in similique suscipit quod laboriosam. Ad sit ut at ut veritatis aut ducimus consequatur. Omnis ut sit cum quae quam. Non qui quia distinctio sed in corrupti beatae.',0,0,'2016-06-16 15:59:39'),(675,75,75,3,'Earum et dolorem hic est voluptatem. Voluptate et sit ut occaecati qui similique.',1,0,'2010-11-02 22:13:17'),(676,76,76,4,'Repellendus ipsum iusto dolore. Quasi eligendi illum accusantium natus minima commodi ut. Error ut et dicta dolore.',1,1,'2019-11-20 22:09:39'),(677,77,77,5,'Tempora nobis culpa dolore qui in quasi nostrum exercitationem. Ad rerum sit et omnis. Autem necessitatibus vel sunt provident exercitationem.',1,0,'2014-08-27 08:39:51'),(678,78,78,6,'Odio possimus cupiditate deserunt et. Sapiente et aperiam officia non necessitatibus quam aut. Amet ipsum nobis molestiae a deserunt.',0,1,'2018-03-13 05:42:43'),(679,79,79,7,'Quia vel asperiores repellat non voluptas. Sit quos nihil non autem cum. Ratione voluptatibus enim consequatur saepe aut. Qui delectus modi fugit.',0,1,'2018-11-24 12:39:44'),(680,80,80,8,'Qui delectus aut repellat sit omnis. Culpa dicta dolore cumque qui repellat qui. Impedit modi sed aut voluptatum ipsum. Velit quia nemo voluptas eum sit quo ut.',1,0,'2013-04-12 07:50:07'),(681,81,81,1,'Ut commodi culpa dolor tempore quis aliquid ipsum. Soluta dolores assumenda cum quos. Rerum aut voluptatem architecto illo voluptatem. Totam alias dolor aliquam architecto vero nulla eos.',1,0,'2011-09-06 18:10:51'),(682,82,82,2,'Dolorem in voluptas voluptatum quia aliquid dicta aut in. Eius non iste eum cum. Eum dolorem deserunt est quos et dolorem.',0,1,'2017-11-18 12:58:48'),(683,83,83,3,'Optio at odit molestiae et vel. Repudiandae et et sit eveniet sapiente. Qui hic aliquid suscipit dolores sed alias aut. Debitis dolorem quaerat molestiae dolor excepturi.',1,1,'2010-11-14 10:57:48'),(684,84,84,4,'Eum quisquam facere quos repudiandae sunt cum reiciendis. Minus voluptatem pariatur qui. Inventore facilis pariatur aspernatur nostrum tempore fuga. Illo iure cumque exercitationem voluptatem.',1,1,'2011-12-06 12:30:55'),(685,85,85,5,'Rerum voluptatum est ut eos. Minus voluptatibus tenetur voluptatem odit. Provident provident rerum est veritatis qui ducimus porro repudiandae.',1,0,'2011-04-24 02:29:10'),(686,86,86,6,'Nihil inventore quia facilis iure explicabo fugit veniam omnis. Fugit repellendus eos molestias rerum et nesciunt consequatur vero. Quo odio consequatur totam et numquam. Delectus deserunt alias aut cupiditate.',1,0,'2013-03-23 03:50:46'),(687,87,87,7,'Reiciendis iste voluptatem assumenda dolores optio et. Qui illo eum libero ut et odio dolorum. Minima unde facilis accusamus autem dolore natus dicta. Quam quis fugit molestiae voluptatem reiciendis sapiente et.',1,1,'2018-10-25 06:55:14'),(688,88,88,8,'Qui non voluptatem at quae. Voluptas aut odit repellat repellat voluptatem nesciunt autem voluptatem. Laborum consequatur quia recusandae vel et.',1,0,'2015-07-23 21:53:03'),(689,89,89,1,'Earum architecto doloribus veniam cum tempora assumenda eos laboriosam. Ab beatae perspiciatis nihil esse exercitationem velit soluta. Aut quo dolores odio repellendus nesciunt nihil labore. Culpa est distinctio iusto voluptates doloribus.',1,0,'2015-12-23 09:28:06'),(690,90,90,2,'Mollitia esse blanditiis dolorem dolores qui est. Aut accusamus similique velit distinctio dignissimos animi.',0,0,'2013-02-26 12:58:55'),(691,91,91,3,'Vero labore autem praesentium non. Quidem iure quae minus illo voluptates et commodi. Soluta aperiam dolorem optio natus.',0,0,'2012-12-16 14:55:32'),(692,92,92,4,'Ducimus non aperiam hic autem. Voluptas consequuntur ab repellendus rem et quas.',0,1,'2011-07-29 14:26:36'),(693,93,93,5,'Voluptatibus laboriosam nulla molestiae laudantium. Ut praesentium doloribus necessitatibus est modi. Animi provident maiores aut placeat. Laborum tempora blanditiis dignissimos quia.',1,0,'2011-10-09 21:23:58'),(694,94,94,6,'Unde omnis voluptas quis nulla voluptates necessitatibus incidunt. Voluptates ea laborum quis labore. Illo dolorem et et ipsum. Sed suscipit sed totam alias eos.',1,0,'2013-05-10 02:18:07'),(695,95,95,7,'Harum dolores quo soluta modi. Libero omnis adipisci hic voluptas modi enim perferendis. Autem ad itaque sed repudiandae minima. Molestiae magnam in eligendi aut.',1,1,'2018-08-20 11:27:46'),(696,96,96,8,'Esse sapiente harum natus sed quos nihil. Quia aut ea esse voluptatem natus dolorem. Aut aut dolores ducimus consequatur quasi.',1,1,'2013-02-24 00:38:59'),(697,97,97,1,'Corrupti dolorum reiciendis occaecati veniam officia. Nihil saepe enim adipisci amet voluptatibus. Asperiores commodi similique neque ut ullam atque id.',0,1,'2018-09-13 11:07:34'),(698,98,98,2,'Qui numquam eum maxime molestiae provident. Neque aperiam non rerum aliquid non atque eos. Libero quos maxime dolor. Tempora qui molestiae maxime quia eum nulla eos.',0,0,'2014-05-02 08:43:09'),(699,99,99,3,'Sit dolorem illo dolor. Et maxime veritatis voluptas quod totam. Id excepturi dolores mollitia.',0,1,'2018-11-07 23:30:34'),(700,100,100,4,'Aperiam et nam officia voluptate. Vero iste omnis ut odio et eaque quaerat. Eos repudiandae ut cumque laboriosam alias nulla. Dignissimos reprehenderit quia iure libero aliquam alias.',1,0,'2020-02-12 20:10:49'),(701,1,1,5,'Aliquam maxime ut distinctio nulla voluptatem tempora maiores. Cum praesentium repudiandae voluptatum. Id quae aut nam quia aut esse doloremque quis. Consequatur sed eos rerum ea et.',0,1,'2018-04-07 01:39:43'),(702,2,2,6,'Quaerat incidunt ut dolor dolor. Molestiae id ipsum est in cupiditate esse et. Officiis sed velit est.',0,0,'2013-08-23 11:12:02'),(703,3,3,7,'Tempora et ea rem voluptatem. Et adipisci suscipit voluptas suscipit. Rerum minima molestiae qui ea praesentium. Ut porro quo ducimus aliquam dolor atque non sint.',1,1,'2016-08-08 08:42:51'),(704,4,4,8,'Dolor et exercitationem et provident qui ab. Ullam repudiandae nemo ea quis consequatur. At consequatur esse laudantium. Minima laboriosam illum reiciendis omnis voluptatibus libero quae.',1,0,'2012-10-07 14:45:28'),(705,5,5,1,'Rem non possimus omnis aut voluptas aut. Eum ducimus et dolor inventore. Ipsam soluta dolores velit unde quaerat. Repellat sequi unde consectetur.',1,1,'2013-08-16 09:14:45'),(706,6,6,2,'Provident nesciunt autem iste eius. Aut voluptate reiciendis sit. Quia quod adipisci voluptatum alias. Veniam architecto optio molestiae sint sit ad dolorum quas.',0,0,'2010-06-07 23:29:00'),(707,7,7,3,'Ut voluptatem et sequi voluptatibus in nam omnis. Esse culpa quo voluptatum quidem sit provident numquam. Id nam atque debitis rem id omnis.',1,1,'2014-02-04 21:36:25'),(708,8,8,4,'Sit corrupti ut qui. Sint quos vero odio omnis qui dolorem accusamus. Et molestias sed accusamus fuga non sint perspiciatis consequatur. Quasi beatae aliquid fugiat nisi.',0,1,'2015-10-09 21:50:58'),(709,9,9,5,'Aut sit dolorem et numquam omnis velit. Aut assumenda suscipit repudiandae et. Iusto deserunt earum sit autem atque at qui. Et accusantium laborum velit et pariatur.',0,1,'2014-11-13 18:36:39'),(710,10,10,6,'In voluptas doloremque ipsa eaque nihil fugit. Ut dolores blanditiis aut aperiam harum dolores quod. Temporibus minima tempora ut excepturi minus fuga.',0,1,'2018-03-01 10:44:06'),(711,11,11,7,'Dolores omnis et sint iste et harum. Amet sed minima debitis nostrum beatae laborum occaecati. Voluptatem et reiciendis maiores illum. Quia et sequi aliquid nobis.',0,1,'2014-02-08 18:23:17'),(712,12,12,8,'Et maiores sunt sint hic mollitia. Consequatur nostrum unde assumenda unde qui laudantium. Exercitationem et magnam et et blanditiis optio cumque. Quam ratione vel non debitis laborum rerum vel.',0,1,'2014-04-28 14:25:40'),(713,13,13,1,'Voluptatibus iste voluptas architecto qui minima. Veniam vel quae id. Ut ratione sunt qui facere sed expedita natus. Maxime labore corrupti consequatur sed ea fugiat.',1,1,'2013-12-10 20:47:56'),(714,14,14,2,'Id qui cumque aut impedit quos. Totam dolorum aut omnis nostrum. Eum earum enim nihil hic. Iste fugiat facilis labore maxime.',1,1,'2012-09-21 09:06:30'),(715,15,15,3,'Iure sit voluptas incidunt quod et sunt. Quas et pariatur pariatur aut suscipit nobis veritatis. Et non sunt cum voluptatem. Numquam ipsa laudantium consequatur et.',1,1,'2015-05-20 20:18:21'),(716,16,16,4,'Non incidunt praesentium impedit sequi. Et deserunt totam beatae beatae ducimus et et. Aut et facere maiores odit praesentium quisquam. Delectus possimus id qui harum doloribus eum quod. Error excepturi accusamus asperiores dolor earum quis.',0,0,'2018-07-05 11:38:15'),(717,17,17,5,'Et quo aspernatur doloribus laudantium sed. Est fugiat assumenda sint atque quis ab voluptas. Aperiam aut dolor eum ipsam aliquid. Odio velit est delectus nesciunt et.',1,1,'2012-04-03 05:48:00'),(718,18,18,6,'Alias culpa corporis nihil incidunt deleniti sunt ut. Enim exercitationem qui minima ut. Pariatur quam dolorem consequatur.',0,1,'2017-07-23 18:02:07'),(719,19,19,7,'Dolor praesentium similique enim nisi et ratione. Officiis iste optio tenetur voluptatem.',0,0,'2018-10-08 10:14:31'),(720,20,20,8,'Quo amet aperiam eos molestias placeat reprehenderit quaerat. Corporis voluptatem blanditiis quos ut ducimus. Nam ipsa ducimus non autem dolor ullam sint saepe.',1,0,'2015-01-29 05:00:08'),(721,21,21,1,'Et cum tempora deleniti sit pariatur ut eius ipsa. Qui odit modi et id officiis totam quia.',1,0,'2010-09-05 02:54:15'),(722,22,22,2,'Et vitae delectus harum fuga expedita alias quia quo. Ut velit dolorum laboriosam quod consequatur. Sint odio quasi quas amet deserunt. Facilis unde corporis perferendis veniam fugiat.',0,1,'2017-02-11 18:31:20'),(723,23,23,3,'Dolorem sunt doloribus dolorem illum molestiae magni eum deleniti. Eaque nisi ipsa quae consequatur voluptatum maxime. Culpa sed veniam eaque est eveniet ea. Natus culpa nemo ut delectus earum accusamus officiis.',0,0,'2015-09-27 08:49:51'),(724,24,24,4,'Velit cumque cumque incidunt provident. In autem nihil voluptatem dolor incidunt rerum id. Est autem temporibus iure voluptatem voluptatem quaerat blanditiis. Cumque nihil soluta rerum corporis id.',0,0,'2013-02-12 07:31:16'),(725,25,25,5,'Voluptatibus illum sit assumenda. Consequatur magni quis alias neque numquam magnam ut aut. Quae qui corporis illo veniam debitis aut. Sed non eius rerum aut. Quasi soluta totam vel quidem accusantium non similique.',0,0,'2013-06-21 10:09:44'),(726,26,26,6,'Numquam qui quaerat ut maxime expedita est. Nesciunt veritatis veniam cupiditate laudantium. Ut ut temporibus et occaecati. Perferendis vitae minus placeat labore aliquam ut iste. Ea voluptas similique ab sequi.',1,1,'2014-10-06 00:19:04'),(727,27,27,7,'Deserunt quae iste in corrupti culpa. Sit cum mollitia blanditiis sit architecto amet. Neque tenetur earum vitae.',1,1,'2017-12-05 00:09:42'),(728,28,28,8,'Iusto sequi qui beatae non. Sit vitae sunt occaecati aut laudantium. Sed eligendi et qui tempore consectetur incidunt. Sunt vel nihil ipsam et aut et.',0,0,'2017-08-16 12:49:52'),(729,29,29,1,'Voluptates esse ut sed temporibus. Tenetur accusamus voluptatem cum quam at aliquid beatae. Et sit debitis eum eum.',0,0,'2013-02-28 05:48:50'),(730,30,30,2,'Vero qui rerum ut sit autem consequatur. Adipisci necessitatibus aliquam quia odio. Qui laboriosam dolor in quo animi voluptas modi.',0,1,'2017-05-07 18:18:13'),(731,31,31,3,'Ex fuga quae ab. Esse quam est eaque aperiam. Rerum nulla sapiente provident reiciendis dolores doloribus vel. Itaque incidunt occaecati architecto explicabo omnis et.',1,1,'2016-02-20 22:36:17'),(732,32,32,4,'Id aut enim cum magni placeat praesentium dolores. Praesentium et et delectus. Labore ab officiis repudiandae est quae deleniti repudiandae fugiat. Nihil consequatur assumenda iste nulla amet asperiores et.',0,0,'2016-11-14 09:24:19'),(733,33,33,5,'Eligendi illum quidem aspernatur omnis velit. Nisi quis saepe quisquam et id. Enim fugiat quaerat at accusamus recusandae ab.',1,0,'2015-10-18 21:25:33'),(734,34,34,6,'Mollitia vero consequatur blanditiis quo quibusdam ab in. Saepe qui deleniti itaque ut minus aliquid harum. Voluptas quia unde fugit illo tempora voluptatem. Est quia omnis illum velit ut similique nam. Reiciendis est non nulla saepe quas tempora assumenda.',1,0,'2019-06-13 19:49:45'),(735,35,35,7,'Quibusdam itaque voluptatibus dicta voluptatem. Vel sed vitae quam qui pariatur. Alias nostrum magni vel. Nihil consequuntur voluptatem libero pariatur.',1,1,'2011-05-29 07:25:09'),(736,36,36,8,'Molestias alias quidem accusamus id et dicta. Fugit omnis amet et eveniet est maiores laudantium. Est sed ullam laborum laudantium id reprehenderit saepe. Possimus nihil iusto ea vel. Impedit voluptatem perspiciatis necessitatibus quae modi.',0,1,'2019-07-30 12:12:06'),(737,37,37,1,'Alias quas aut et tempora officiis debitis nihil. Quae atque cum et doloribus. Consequatur id tenetur voluptatibus ut non veritatis quam rerum.',1,1,'2014-11-18 03:30:03'),(738,38,38,2,'Velit eum voluptatem sequi perferendis quam. Velit doloribus omnis doloribus numquam perferendis voluptatem.',0,0,'2011-07-08 17:23:36'),(739,39,39,3,'Quia tenetur non est consequatur voluptatem quam. Sed doloribus eum ut officia nostrum. Exercitationem suscipit ipsam maiores. Dolores voluptatem et illum totam laboriosam perferendis.',1,0,'2017-11-20 01:42:12'),(740,40,40,4,'Perspiciatis quos minus aut suscipit. Dignissimos quam possimus enim in voluptas quam dolores. Fuga molestias vel commodi quas delectus quod quisquam.',1,0,'2011-05-29 10:16:30'),(741,41,41,5,'Ut rerum occaecati non optio quis. Ex qui et voluptatem quisquam tenetur eum molestiae aut. Voluptatem aut sequi exercitationem maiores. Occaecati qui aut quisquam molestiae.',1,0,'2020-03-09 02:53:55'),(742,42,42,6,'Quo voluptatibus quos et ducimus. Esse sit et corporis aspernatur dolores. Voluptas saepe qui sit eligendi molestiae blanditiis necessitatibus in. Tempore et inventore voluptatibus repellendus quisquam officiis id.',0,1,'2011-09-19 05:50:22'),(743,43,43,7,'Quo quidem delectus accusantium quidem atque aperiam. Perferendis enim quo incidunt est non. Culpa reprehenderit sed laboriosam omnis eligendi impedit. Est sit quia voluptate illum blanditiis.',1,0,'2015-01-13 01:20:44'),(744,44,44,8,'Inventore sapiente dolor ut repellat omnis. Dolor recusandae aut quos sunt ab. Vero autem eum molestias exercitationem necessitatibus in eum. A ut sed enim qui ad.',0,1,'2017-10-12 16:09:46'),(745,45,45,1,'Est id dicta quaerat reprehenderit. Dolorem repudiandae quisquam voluptas assumenda. Ut quas hic temporibus eaque repellat eveniet.',0,0,'2015-05-30 19:29:50'),(746,46,46,2,'Ipsa veritatis voluptate culpa quia neque molestiae sit. Nisi quo sunt est quos voluptas. Fugiat exercitationem fuga culpa est non et nisi qui.',0,0,'2010-09-27 15:34:22'),(747,47,47,3,'Rerum consectetur dolor reiciendis quisquam sunt. Dignissimos minus ipsa est voluptatibus. Aut qui minus ut est.',1,1,'2016-04-09 10:52:34'),(748,48,48,4,'Expedita minima consequatur et. Quis quia ut voluptatem libero libero sint. Libero vitae molestiae exercitationem accusantium nulla numquam. Commodi deserunt ducimus autem iste eligendi.',0,1,'2016-03-05 17:57:45'),(749,49,49,5,'Ea eum perferendis qui. Voluptatem velit at distinctio officiis ex eos. Iure provident rem accusamus sit. Alias vero qui sed impedit ipsa quidem.',1,0,'2011-06-25 13:40:14'),(750,50,50,6,'Distinctio sint porro est amet sit incidunt facilis. Ut assumenda quod rerum voluptatum illum sint. Vel et fugit voluptatem est velit consequatur.',0,0,'2012-12-05 02:27:25'),(751,51,51,7,'Possimus aliquam quos ut voluptatibus numquam. Pariatur enim pariatur sit quia esse quo maiores. Sit voluptatem quisquam voluptas sint magni.',0,0,'2016-10-09 00:47:41'),(752,52,52,8,'Veritatis sint pariatur laborum sint atque. Ab ea non rem beatae molestiae praesentium aut. Laudantium architecto dolor porro veniam consectetur. Amet dolore ullam voluptates maiores deserunt quo hic.',0,0,'2011-11-11 20:50:35'),(753,53,53,1,'Deleniti deserunt impedit sit fugiat aut. Eum vitae velit ipsam sit placeat. Aut quibusdam rerum ut dolores assumenda velit ea optio. Aliquid doloribus aut explicabo corporis.',1,1,'2013-12-28 17:49:37'),(754,54,54,2,'Molestiae voluptas laborum expedita in. Recusandae temporibus ea qui. Error magnam aut quia provident.',0,1,'2017-11-26 02:02:24'),(755,55,55,3,'Omnis consequuntur in ut harum facilis omnis ut. Et at distinctio est porro laborum assumenda. Fuga modi quibusdam nesciunt molestiae eum odio. Itaque voluptatem voluptas excepturi sed.',1,0,'2014-02-11 21:31:21'),(756,56,56,4,'Molestias autem dignissimos praesentium est ut autem. Omnis commodi tempore eius maxime alias voluptatum. Hic ad consequuntur ut explicabo dolorum totam voluptas.',0,1,'2010-06-18 07:41:03'),(757,57,57,5,'Fugiat repudiandae deserunt quisquam officia aliquam natus. Quia aperiam molestiae repellat hic et qui fugit. Deleniti sit magni praesentium in. Et et ipsam quibusdam perferendis eaque quos quod. Quas est dolorem ullam sequi qui consequatur itaque.',1,0,'2011-02-07 16:20:54'),(758,58,58,6,'Quia odio accusamus facilis cum eos quam aliquid amet. Doloremque aliquam qui rem quis est voluptatibus. Eaque quis alias voluptas non.',0,0,'2013-09-02 22:59:21'),(759,59,59,7,'Odio consectetur quo ab aut voluptatibus fugit suscipit. Sit ut deleniti rem dolore accusamus sint fuga. Ullam corrupti doloribus recusandae repellat non. Rerum officia expedita quibusdam consequatur inventore minima asperiores.',0,0,'2018-03-22 03:03:45'),(760,60,60,8,'Beatae enim quia nisi modi nisi voluptatem. Enim porro est rerum quidem qui ducimus. Minus eligendi quisquam sunt voluptatem molestiae.',0,1,'2018-03-22 07:57:46'),(761,61,61,1,'Laudantium velit inventore qui qui repudiandae. Rerum inventore harum provident harum.',0,1,'2015-08-28 16:12:40'),(762,62,62,2,'Fugit fugiat deleniti non eligendi ad. Suscipit earum et temporibus magni debitis. Iste cum ut eum molestiae. Sit omnis ipsum vel hic nesciunt recusandae.',0,1,'2019-09-20 10:49:32'),(763,63,63,3,'Dignissimos veritatis cum enim. Et sit mollitia est et eum debitis. Facere vel assumenda omnis aliquid consequatur fuga ab.',0,1,'2015-05-07 10:27:12'),(764,64,64,4,'Porro rerum consequatur facilis quia at cumque. Enim dolor assumenda dolores voluptas. Libero enim rem quo aperiam sit velit et et.',1,0,'2015-05-02 01:14:42'),(765,65,65,5,'Est dolore odit neque rerum. Dignissimos illo ratione dolor voluptatibus tempore omnis. Dolorem dolorem veritatis fuga dolorem porro. Omnis quisquam in qui ullam accusantium atque ab.',1,0,'2016-07-01 02:16:56'),(766,66,66,6,'Eos in nulla a. Id nihil laudantium error omnis aut dolorem provident. Recusandae sed vel repellat est hic quasi. Autem blanditiis repellendus veniam neque ex rerum debitis.',0,0,'2013-11-09 22:44:32'),(767,67,67,7,'Rerum porro dignissimos temporibus dolores ut. Pariatur maxime nulla est nisi. Aut cumque ex sed ab et. Numquam est modi sequi ea.',0,1,'2019-08-14 16:08:17'),(768,68,68,8,'Quis consequatur enim adipisci qui. Voluptatem eveniet rerum neque quo aut et vitae. Architecto natus dolores aspernatur est aliquid iusto assumenda.',1,0,'2015-04-03 04:43:15'),(769,69,69,1,'Et soluta ut reiciendis est quia. Quia nihil voluptatum ipsa ut in. Aut nam est voluptatem in maiores.',0,1,'2011-10-15 19:41:55'),(770,70,70,2,'Labore facere et veniam nihil. Incidunt ut voluptatem dicta consequatur perferendis voluptas unde. Mollitia saepe optio quia nesciunt consectetur iste ducimus.',1,1,'2019-11-02 21:28:58'),(771,71,71,3,'Est ut voluptas alias in. Consectetur id temporibus cumque ea ab. Eos eos sit repudiandae cum itaque.',1,1,'2014-03-29 18:36:06'),(772,72,72,4,'Eos doloremque consequuntur consequatur esse. Vel saepe nisi magnam tempore debitis qui.',1,0,'2018-08-30 21:03:27'),(773,73,73,5,'Nulla ipsam occaecati consequuntur provident nihil voluptatum. Ea ex dolorem hic sit rerum eos. Iste sapiente fugiat repellendus minima.',1,0,'2010-09-11 14:57:24'),(774,74,74,6,'Omnis quis et dolor quo qui molestiae. Porro eos est quos accusantium autem facilis. Ab dolorem aspernatur maiores iure. Rerum illum qui iure officia dolor consequuntur.',0,0,'2013-03-05 18:41:24'),(775,75,75,7,'Minus voluptas qui reiciendis sit sapiente. Rerum commodi occaecati atque veniam. Ut aliquid error quaerat iusto sed porro facere.',0,0,'2014-01-28 20:37:24'),(776,76,76,8,'Consequatur corporis repellat a laudantium unde. Neque id sed assumenda quis enim sit aut totam.',1,1,'2020-04-06 22:50:30'),(777,77,77,1,'Odio sapiente quia eos quia neque. Corrupti id aperiam corporis. Qui praesentium sit id tenetur.',1,0,'2019-03-19 18:44:35'),(778,78,78,2,'Quod accusantium facilis numquam dignissimos occaecati vel ab. Nihil pariatur ipsum facere id et rerum minus. Eos delectus sint est officia veniam reiciendis. Ut fugiat eius quaerat.',0,1,'2020-02-26 07:48:51'),(779,79,79,3,'Consequatur ea voluptates hic enim vel vel minus enim. Sunt quo veniam voluptatem ipsa quas rerum aliquid. Sed voluptates dolorum quas commodi perferendis doloribus non vero.',0,0,'2017-02-05 19:43:07'),(780,80,80,4,'Et velit nulla voluptatibus est aut iure et. Recusandae optio omnis qui voluptates. Et error esse dolore.',0,1,'2018-08-16 04:54:35'),(781,81,81,5,'Nobis cum quisquam tempore dolores. Sed quos modi aut blanditiis est. Error ut expedita voluptates aperiam. Dolor sit provident alias tempore ea voluptatum tenetur harum.',1,0,'2016-05-03 10:40:09'),(782,82,82,6,'Non exercitationem voluptatem laudantium laborum et. Aut autem aspernatur quam provident. Sapiente voluptatem similique soluta. Numquam consequatur voluptatum sit aliquam accusamus animi.',0,1,'2012-10-20 16:25:45'),(783,83,83,7,'Dolores ut veniam inventore fuga dicta aut. Deleniti quod cupiditate ut alias saepe totam sunt ipsa. Aut in fugit voluptatem perspiciatis voluptas.',1,1,'2016-04-03 00:24:43'),(784,84,84,8,'Dicta dignissimos eveniet autem iure enim. Fuga molestias laboriosam tempora harum sunt. At enim totam id et. Fuga incidunt in ex saepe in culpa eius iure. Magni explicabo animi consequuntur soluta cum perferendis quaerat.',1,1,'2017-12-22 15:08:31'),(785,85,85,1,'Libero voluptate dolore nihil ipsa ipsum et. Doloremque dolorem aut velit sunt alias qui quisquam. Quas est voluptatem libero molestiae ullam. Eum nihil iure praesentium earum.',0,1,'2017-02-17 02:09:46'),(786,86,86,2,'Quo aperiam culpa laborum iusto incidunt nihil tempora. At quaerat sunt ut atque est aut deleniti. Molestiae veniam libero qui similique error nam.',1,0,'2014-09-11 05:13:16'),(787,87,87,3,'Dignissimos assumenda accusantium est vel atque. Aperiam non dicta quam sed ut. Adipisci ut a aspernatur. Quia omnis error repellat hic et quis eaque. Dolorem similique magni quis expedita quis rerum.',0,0,'2018-06-11 22:01:39'),(788,88,88,4,'Laboriosam et ut adipisci in quia hic. Dolore odio et perspiciatis. Corporis laborum doloremque rerum id modi illum sapiente rerum. Blanditiis laborum quasi maxime illo quia consequatur inventore.',0,1,'2019-04-17 22:14:37'),(789,89,89,5,'Soluta ducimus minima labore ea nesciunt ad voluptatum. Natus eaque praesentium amet repudiandae. Quod unde dolor et aspernatur eos rerum. Harum quis sunt maiores odio labore.',0,1,'2019-10-03 20:14:31'),(790,90,90,6,'Nesciunt tenetur quia ut error quis ex earum. Omnis totam molestiae explicabo et dicta. Earum sed qui dolor expedita.',0,0,'2013-05-20 12:30:53'),(791,91,91,7,'Quo qui inventore doloribus voluptas ex fugiat. Numquam culpa sunt sit. Odio quidem vel aut voluptas omnis nihil dolor. Ratione nobis voluptatibus natus impedit quo.',0,1,'2010-06-17 12:43:16'),(792,92,92,8,'Qui vero commodi et nam non. Saepe sed facilis autem corporis eaque et deserunt nobis. Sit mollitia inventore ullam aut officia. Culpa nihil ut porro maxime in qui id.',0,0,'2012-04-08 13:12:56'),(793,93,93,1,'Et excepturi ut enim in. Atque doloribus nulla corrupti quod sit. Nihil vitae nostrum enim molestiae nostrum.',1,0,'2019-03-15 15:57:32'),(794,94,94,2,'Non temporibus sequi molestias aliquid atque. Consectetur dolor ut nihil expedita saepe asperiores repellendus. Facilis esse corporis molestiae similique consequatur optio et.',0,1,'2010-10-23 18:35:53'),(795,95,95,3,'Consequatur consectetur non alias facere magnam repudiandae nulla. Accusantium aspernatur ipsam voluptatum quibusdam consequuntur. Asperiores ex iste distinctio ratione vero doloribus aut.',1,0,'2016-03-12 18:51:27'),(796,96,96,4,'Sed suscipit labore autem dignissimos debitis error. Optio ut laborum qui tempora aliquid. Eius voluptas reiciendis repellat cum.',0,1,'2013-12-12 09:52:22'),(797,97,97,5,'Nisi et nobis ducimus voluptatem. Deserunt aut totam eius ratione. Ea qui incidunt maiores sed recusandae sint rerum illum. Doloremque vel eos qui ad aut quod.',1,0,'2016-12-18 10:51:02'),(798,98,98,6,'Dolorum esse earum quis impedit. Enim suscipit laboriosam qui deleniti voluptatem blanditiis. Rerum nemo omnis exercitationem nam deleniti dolore.',0,0,'2010-05-31 05:43:53'),(799,99,99,7,'Consequatur consequatur fugit nesciunt et quo. Autem enim quasi unde et tenetur. Molestias cum quibusdam dolores est et. Molestiae accusamus ipsam nihil sapiente et pariatur. Laboriosam nihil quam sequi veniam.',0,0,'2010-07-07 18:26:59'),(800,100,100,8,'Veritatis unde iure et voluptas voluptas eum. Soluta sunt et ut vel et. Repellendus maiores nihil et eos omnis est consequuntur. Et aut atque et soluta ut ut suscipit.',0,0,'2018-06-29 14:21:56'),(801,1,1,1,'Quo sunt sit distinctio laudantium sed necessitatibus. Praesentium officia ex odit sed unde consequatur aliquid.',0,0,'2019-07-03 16:45:29'),(802,2,2,2,'Eius incidunt et non facilis ad. Hic omnis molestiae voluptatem et quam aliquid amet. Incidunt dignissimos repellat corporis. Quas veritatis quos doloremque delectus omnis alias.',0,1,'2019-04-22 05:49:21'),(803,3,3,3,'Similique natus est numquam quo qui. Qui inventore quia et tenetur dolore ducimus. Numquam molestiae eveniet nihil voluptas tenetur et.',0,1,'2019-04-16 19:05:02'),(804,4,4,4,'Esse reiciendis maiores ducimus magni in dolorem. Corporis rerum fugiat quidem ut qui iusto rerum. Soluta fugiat facere delectus. Voluptas veniam velit sed nisi. Aut illum corporis provident dolorem reprehenderit nihil sint.',1,0,'2012-06-19 06:18:07'),(805,5,5,5,'Et atque quis est. Amet molestiae facilis et minus explicabo tenetur quos est. Quibusdam dignissimos explicabo quos ipsam voluptatem enim esse.',1,0,'2016-07-05 23:18:28'),(806,6,6,6,'Alias qui officia consequuntur et nostrum. Consequatur voluptate sit magnam omnis amet et. Eos quam et et quos voluptas adipisci. Error magnam suscipit nihil.',1,1,'2011-05-09 23:46:41'),(807,7,7,7,'Qui iste ab deleniti ducimus officia mollitia dicta. Dolores accusamus neque ullam delectus voluptatum. Commodi placeat deserunt reiciendis eos omnis quisquam.',1,1,'2013-06-08 05:42:59'),(808,8,8,8,'Voluptatem saepe adipisci ut fugit ut exercitationem. Sequi enim dolores ipsa expedita debitis consequatur eligendi. Architecto unde voluptas explicabo impedit suscipit ad.',1,0,'2016-07-14 14:05:21'),(809,9,9,1,'Et aperiam est illum labore libero ipsa perspiciatis. Quod magnam placeat maiores quia. Voluptates quaerat ipsa tempore optio in a.',1,1,'2011-01-24 13:11:53'),(810,10,10,2,'Non eos magnam quia ut aut. Assumenda quis sit nostrum quia ea. Nihil corporis amet ut dolorem consequuntur.',1,0,'2014-09-24 02:09:48'),(811,11,11,3,'Hic non sed ea tempore. Sequi doloribus odio quia totam ea. Ad saepe quos nihil inventore.',1,1,'2011-04-07 01:20:19'),(812,12,12,4,'Placeat impedit laudantium in placeat aliquam quo consequatur. Quos est ut quia ullam. Voluptates voluptatem quidem quaerat consequuntur odit.',0,0,'2010-07-15 01:01:55'),(813,13,13,5,'Consequatur praesentium officiis assumenda. Adipisci est est eveniet. Modi in maiores incidunt doloribus error quos ullam.',0,1,'2018-03-28 03:51:37'),(814,14,14,6,'Aliquid ipsa ipsum dolor consectetur. Illo laborum quos accusantium amet perspiciatis architecto. Tempore iure omnis voluptas sit vel. Quaerat distinctio sed veritatis et sequi eum ut. Omnis consequatur dolorem temporibus est.',0,0,'2018-11-05 10:41:27'),(815,15,15,7,'Et vitae architecto voluptatem. Sed quidem blanditiis eos sint aut voluptas.',0,1,'2019-11-17 18:12:02'),(816,16,16,8,'Quas laudantium quidem vitae cum sunt culpa. Voluptatibus aut sequi et nobis aliquam est. Atque nemo odio qui et est. Iste quia molestiae laboriosam omnis iure ratione aut.',1,0,'2012-02-08 20:14:15'),(817,17,17,1,'Est deserunt velit consequuntur veniam aliquid. Reiciendis ipsam iure et atque perspiciatis consequatur aut. Quia sed beatae voluptatem autem asperiores sed. Voluptatem est quasi eaque molestiae modi ipsum nulla.',0,0,'2017-01-08 00:25:04'),(818,18,18,2,'Aut dignissimos commodi sed dolore nihil. Qui labore doloribus sunt quidem iusto in dolores earum. Veniam a pariatur aut et nostrum autem. Excepturi accusamus ut a.',0,1,'2013-04-17 10:33:02'),(819,19,19,3,'Aperiam occaecati possimus deleniti quasi enim a voluptas. Error provident dignissimos maxime deserunt commodi adipisci. Non quia nam autem architecto et iusto. Velit eos impedit illo molestias.',1,1,'2014-09-04 21:20:10'),(820,20,20,4,'Qui dolorem eum dolor atque. Deleniti ratione perspiciatis illum. Libero reprehenderit ullam quo et. Reiciendis blanditiis nihil aut tenetur.',0,0,'2015-06-29 04:47:29'),(821,21,21,5,'Officia nihil culpa et deserunt provident perspiciatis. Quo in in sit ipsam commodi officiis harum. Nisi qui suscipit corporis aliquid. Ea accusantium aut voluptatum porro ex sed ut unde.',0,1,'2017-04-21 18:21:47'),(822,22,22,6,'Aliquam in dicta numquam animi nobis sint dolores nulla. Numquam qui sunt omnis ut cupiditate quia. Numquam excepturi minus consequatur atque animi.',0,1,'2014-08-18 12:25:52'),(823,23,23,7,'Tempore et ipsa ea. Possimus dolores eos dignissimos. Suscipit possimus perferendis dolores eveniet ut. Rerum quasi sequi odio aut consequuntur sit nulla.',0,0,'2015-03-30 03:36:54'),(824,24,24,8,'Quaerat labore laudantium molestiae facilis dolor repellat eius. In soluta sint et corrupti quia non magnam. Nisi qui qui distinctio maiores.',1,0,'2011-05-25 08:41:06'),(825,25,25,1,'Et vel enim ad ut quis. Ratione veniam eum libero nobis ut animi aut. Alias ullam mollitia autem sed sequi dolorum.',1,0,'2010-05-07 02:56:12'),(826,26,26,2,'Ea quam ipsa ducimus qui. Distinctio sed ut quos dolorem illo molestiae fuga. Maiores soluta est omnis. Voluptate qui dolorum rerum porro.',1,0,'2013-08-06 18:57:13'),(827,27,27,3,'Et suscipit voluptatibus quae. Ut qui aut expedita facilis sit voluptate modi. Vitae ipsam modi non magni nulla facilis.',0,1,'2014-02-14 10:40:47'),(828,28,28,4,'Nemo esse rerum dolores debitis. Eum rerum officiis recusandae ut nesciunt possimus. Quidem nam et reprehenderit enim. Ipsa reiciendis quo impedit quaerat laudantium.',1,1,'2018-03-21 00:47:36'),(829,29,29,5,'Voluptate voluptatem qui consequatur velit officiis qui sit. Cumque et doloribus optio in aliquid molestiae. Earum temporibus ea et veniam ducimus nam. Repellendus quia sequi quidem. Et voluptatem harum dolores omnis molestiae eaque illum.',1,1,'2011-02-09 16:17:35'),(830,30,30,6,'Amet consequatur reiciendis aut nobis accusamus omnis cum distinctio. Numquam sunt consequatur inventore cumque corporis quam deserunt eos. Autem molestiae tempore dolore fugit error aut ut dicta.',0,0,'2013-06-25 06:54:18'),(831,31,31,7,'Beatae odio debitis in sequi iste aut. Consequatur voluptatum quibusdam nam at totam temporibus. Rerum autem maxime sapiente saepe dolore quasi quis.',0,1,'2011-12-14 02:33:10'),(832,32,32,8,'Molestias quas nobis quos maxime natus praesentium nostrum debitis. Minus sed quas dolorem vero. Aliquid sit voluptatum odit.',1,0,'2014-10-14 01:19:27'),(833,33,33,1,'Quia quia rerum quam nihil velit. Tempora et numquam eveniet velit. Voluptatem nesciunt laboriosam dolor enim explicabo. Quod rerum ad consequatur dolorem vitae.',0,0,'2014-10-29 16:51:52'),(834,34,34,2,'Maiores voluptatem nulla ipsum voluptatem aut. Perspiciatis qui fuga et fugiat esse. Placeat veniam dicta quidem eum quasi qui molestiae.',0,0,'2016-01-03 16:16:41'),(835,35,35,3,'Tempora corporis nisi amet laborum molestiae ea impedit. Repellat laborum praesentium blanditiis qui animi. Numquam quod neque quo velit. Ut quod est quae eos molestiae ex.',0,1,'2012-04-30 07:02:29'),(836,36,36,4,'Possimus reiciendis dolorum saepe aut voluptatem quam. Cumque ipsam molestias ut voluptas. Officia et commodi ea aut voluptatem.',1,1,'2015-05-31 03:19:19'),(837,37,37,5,'Quod est ut eos perspiciatis commodi inventore qui dolore. Impedit illum ea omnis molestiae autem.',0,0,'2016-09-17 15:04:53'),(838,38,38,6,'Voluptate quidem et sed laudantium facere. Eveniet et et aut temporibus eius magnam optio ipsa. Ut inventore incidunt voluptatem nam possimus qui.',0,1,'2019-04-28 05:10:43'),(839,39,39,7,'Qui dolores et velit. Animi tempore non ut voluptas laboriosam delectus. Voluptas sed aliquam excepturi. Deleniti dolores odit laboriosam consectetur non sed.',0,0,'2011-09-19 06:02:07'),(840,40,40,8,'Modi officia et at. Excepturi quaerat quam quis minus esse. Sunt harum ad placeat beatae quo.',1,0,'2014-03-27 20:30:50'),(841,41,41,1,'Autem nam qui aut rerum iure quam. Voluptates similique et qui. Iure odit culpa sit fuga quisquam autem vero quisquam.',0,0,'2016-05-08 09:24:18'),(842,42,42,2,'Dolor rerum natus aut optio. Ad rem autem mollitia et sunt id quam. Et molestias cum ab minima. Incidunt dolores laudantium dicta rerum rerum nam atque voluptate.',0,0,'2019-07-16 23:00:37'),(843,43,43,3,'Consequatur incidunt aut veniam ut. Reiciendis sint et et expedita. Molestiae enim consequatur cupiditate velit praesentium rerum. Dolorum hic corporis illum eveniet voluptate iure.',1,0,'2015-12-31 20:06:58'),(844,44,44,4,'Itaque non adipisci omnis quos iste vel qui. Minus quibusdam sint tempore nesciunt. Ut natus dolorem ducimus pariatur. Ut harum sit dolores sunt cumque.',0,1,'2019-02-17 02:24:15'),(845,45,45,5,'Alias in cupiditate illum maiores et. Vel impedit voluptatem laudantium nostrum repudiandae qui. Mollitia aliquid molestiae odit deserunt alias ea. Magni saepe in et dolor sunt.',1,0,'2017-12-01 18:13:31'),(846,46,46,6,'Doloribus quaerat nam enim. Iusto alias nisi nobis ea odio officia nam at. Provident neque natus sit et nisi aut.',0,0,'2014-01-07 14:41:51'),(847,47,47,7,'Repellat earum sint eaque enim. Nihil mollitia commodi totam iure laborum eius. Sit magni id est sint hic veniam. Reiciendis ab et a voluptas deserunt iure maxime.',0,1,'2012-01-02 17:25:31'),(848,48,48,8,'Omnis eligendi amet sint rem et totam voluptatem. Deleniti officiis ad doloremque placeat beatae.',0,1,'2019-04-05 13:15:56'),(849,49,49,1,'Accusamus suscipit maxime mollitia et qui aspernatur. Quia ullam beatae nesciunt sit. Iste cumque ab et consequatur debitis. Vero amet et non enim totam eveniet expedita.',0,1,'2014-12-22 14:03:28'),(850,50,50,2,'Sed sunt quia eligendi laudantium dolor corrupti. Quos et sit non aut.',0,1,'2010-06-03 05:32:20'),(851,51,51,3,'Veritatis iure tenetur sed nam. Blanditiis praesentium odit et facere optio et. Voluptates alias eum occaecati ea qui est aut. Labore odio iure in iure aperiam a quibusdam.',1,0,'2015-07-15 13:22:40'),(852,52,52,4,'Quod odio sint quidem dolores earum ad. Alias in commodi veritatis quos eos sed aliquid molestiae. Optio aut dolorum vero aperiam. Quasi velit sint impedit minima ratione ullam.',0,1,'2011-02-10 23:49:29'),(853,53,53,5,'Consequuntur quia reiciendis blanditiis qui eos laboriosam doloremque. Laboriosam sit velit libero repudiandae voluptate. Est non qui at aliquam aut ducimus recusandae. Ea distinctio dolor delectus quas.',1,0,'2012-09-03 06:39:24'),(854,54,54,6,'Minus molestiae ut ad quia magnam occaecati rerum commodi. Quam deserunt accusantium eaque id. Saepe culpa quia qui. Autem aspernatur libero delectus reprehenderit sequi. Asperiores qui aperiam in impedit provident.',0,0,'2016-01-01 11:51:54'),(855,55,55,7,'Labore fugiat distinctio non nostrum quo. Suscipit sint optio beatae reiciendis fugiat quo fugiat. Sed est ut ab cumque voluptatem dolorem laudantium.',1,0,'2017-10-08 14:46:41'),(856,56,56,8,'Et qui in sunt aliquid. Iusto quia veniam molestias excepturi quibusdam non.',1,1,'2014-07-25 05:58:40'),(857,57,57,1,'Dolores sint velit saepe possimus quisquam ea. Tempora dicta recusandae aut aliquid occaecati. Adipisci sit omnis sint.',0,0,'2019-02-20 14:39:40'),(858,58,58,2,'Et architecto et ratione accusantium praesentium tempore temporibus. Occaecati in iste in earum consectetur fugiat minima. Officiis delectus dolor quod sapiente iste. Dicta vero quae neque id voluptatibus corporis.',1,1,'2016-12-24 10:11:54'),(859,59,59,3,'Nobis ducimus delectus et earum qui molestias voluptas. Qui natus est quo consequatur sapiente est quam. Tempora aut assumenda nesciunt est eum dolores veniam dolorum.',1,1,'2019-11-28 04:13:30'),(860,60,60,4,'Doloremque quae non non eum. Aspernatur dolorum neque molestiae voluptas voluptates dolor veniam quas. Sequi deserunt sed quidem eos distinctio. Veniam eius deleniti dolore quasi.',0,1,'2012-08-30 02:51:51'),(861,61,61,5,'Quos ullam minima facilis ut. Alias dolor et neque dolorem recusandae. Consequatur id minima maxime suscipit autem. Quisquam maiores doloremque non rerum dicta.',1,1,'2014-04-08 22:15:22'),(862,62,62,6,'Architecto et enim hic numquam. Qui sed molestias delectus mollitia. Aut cumque sit vel quos.',1,1,'2011-09-06 15:49:58'),(863,63,63,7,'Quas a sed aut laborum neque. Et delectus excepturi deserunt iusto harum non. Eligendi qui consequatur id voluptatem ipsam non molestias qui. Deserunt consectetur et in consequatur deserunt.',1,1,'2013-07-22 17:05:13'),(864,64,64,8,'Ut earum dolorem aspernatur quaerat excepturi. Est nemo et provident aut eum quod. Ea nemo non reprehenderit voluptas.',0,0,'2015-09-13 11:41:14'),(865,65,65,1,'Et nostrum ex cum rerum quidem minima consequatur voluptatibus. Consequatur iusto est dolores numquam. Delectus aliquam et aut accusamus quia ea aperiam. Sit facilis dicta amet corporis ut sed. Maiores assumenda natus occaecati ipsa nobis voluptas aut.',1,1,'2013-05-26 09:37:22'),(866,66,66,2,'Consectetur sint omnis voluptas laudantium nemo. Saepe dolores nemo est beatae soluta quo molestias aliquid. Occaecati dolorum voluptatem numquam animi qui.',0,0,'2019-12-23 22:51:14'),(867,67,67,3,'Ipsa praesentium cupiditate consequatur enim eos minima illo. Ea aperiam veritatis corporis velit. Eos error facilis et adipisci est amet est. Natus aliquid quidem animi et asperiores facilis voluptates.',0,1,'2011-02-09 22:40:19'),(868,68,68,4,'Ratione ab ipsa dolorem laborum quam. Soluta rerum et sit placeat quisquam cum consequatur. Impedit consequatur distinctio cupiditate eos. Excepturi quisquam voluptatem non ut.',1,0,'2012-01-12 09:37:20'),(869,69,69,5,'Temporibus omnis harum sint molestiae repellendus accusantium nostrum ut. Totam at autem magnam. Quaerat sunt suscipit sit qui ab ut animi.',1,1,'2014-11-03 04:13:37'),(870,70,70,6,'Quo aut distinctio qui nesciunt voluptatem quia et. Enim ut enim consequatur quam delectus. Ut hic qui et eum aut animi. Ut nihil doloremque odit consequuntur et sed.',1,1,'2017-11-30 04:31:07'),(871,71,71,7,'Vel cupiditate est tenetur nesciunt in maiores. Velit debitis harum est est. Qui molestiae est sequi sit in aliquid aut. Tenetur dolorum dolorem totam odit quas iure.',1,1,'2019-12-01 05:18:27'),(872,72,72,8,'Vitae ea pariatur molestias rerum quis voluptatum voluptatum. Numquam iure sequi sit dolorem sequi autem eveniet. Deleniti et laborum neque labore est ipsum.',1,1,'2010-07-25 09:56:05'),(873,73,73,1,'Deserunt iusto numquam saepe suscipit et. Ratione facere labore quidem. Eum est atque expedita.',1,0,'2011-11-16 07:19:54'),(874,74,74,2,'Deleniti et nemo optio. Dolores voluptatem eum exercitationem est ea hic sint id. Officiis nesciunt at ducimus modi.',0,1,'2018-02-24 17:32:49'),(875,75,75,3,'Et distinctio voluptate assumenda quis recusandae reprehenderit consequuntur. Natus reiciendis aspernatur occaecati explicabo eos ut. Dolores molestias sapiente veniam maiores iusto nihil sit. Iure vel fuga ab sit incidunt eum.',1,1,'2020-04-02 11:11:26'),(876,76,76,4,'Error ut doloremque laboriosam voluptates. Dignissimos iure doloribus ut molestiae. Culpa inventore nihil modi sit ut.',0,0,'2014-06-16 14:02:36'),(877,77,77,5,'Ut minima illum quod in. Ipsam sed natus sed voluptatem et et. Omnis ut officia sit.',0,1,'2012-06-17 23:25:08'),(878,78,78,6,'Aut accusantium architecto magnam voluptas. Voluptatem quam voluptates molestias voluptates quia corporis. Aut modi placeat id similique sint omnis nostrum.',1,0,'2014-07-16 17:12:37'),(879,79,79,7,'Veniam quas est aliquam et quia. Et numquam et temporibus deleniti inventore. Consequuntur eos consectetur qui corporis omnis eum sed voluptas. Et fugiat odio delectus numquam provident.',0,1,'2018-12-16 12:36:01'),(880,80,80,8,'Corporis tempore error quaerat ea et. Qui libero enim quisquam ipsam et id commodi. In sapiente et vel quibusdam ut nobis corrupti.',0,1,'2016-07-24 08:45:49'),(881,81,81,1,'Voluptatum quos quis asperiores debitis quo omnis. Possimus saepe provident eos facilis aut molestiae.',1,1,'2019-11-17 19:29:52'),(882,82,82,2,'Quae libero occaecati voluptatem quae reiciendis non. Eum eum est quibusdam quis ut cupiditate. Earum molestiae dolorem esse. Voluptatem repudiandae et alias a.',1,1,'2010-07-26 20:07:57'),(883,83,83,3,'Aliquam fugiat ut corrupti ea laboriosam vitae. Maxime beatae ut eaque. Similique voluptatum ut sint similique aspernatur.',0,0,'2012-01-16 07:11:32'),(884,84,84,4,'Nihil aliquam soluta dignissimos illum. Adipisci omnis sint ut. Et laboriosam pariatur voluptatem nesciunt.',0,1,'2016-09-07 08:04:56'),(885,85,85,5,'Quas aspernatur in adipisci doloribus reiciendis placeat. Repudiandae voluptas ut magni sit tempore itaque qui.',1,1,'2011-04-06 11:41:26'),(886,86,86,6,'Nobis natus est id dolorum nihil. Molestiae quod ipsum non earum fugit facilis amet praesentium. Dolor in omnis sit libero eaque. Rerum repellat nemo in debitis voluptas.',0,1,'2011-07-10 10:41:01'),(887,87,87,7,'Laboriosam nulla esse aperiam quisquam ullam esse. Asperiores sunt ab aliquid asperiores suscipit non ut. Rerum optio quam magni consectetur consectetur magni non eligendi.',1,1,'2010-12-15 03:17:50'),(888,88,88,8,'Voluptas adipisci dolor assumenda ex alias rerum. Dignissimos aliquid ratione tenetur laboriosam rem et pariatur. Quibusdam esse natus ut a repudiandae quas voluptates. Ad odit itaque vel perspiciatis et porro. Explicabo voluptate ullam vero impedit.',1,1,'2019-04-10 02:43:32'),(889,89,89,1,'Blanditiis magnam molestiae velit dolore. Aliquam et dolores harum numquam. Animi sit et eligendi voluptatum temporibus et.',0,0,'2011-04-28 00:18:40'),(890,90,90,2,'Dicta molestiae libero rerum omnis tenetur. Quis nam optio doloremque est similique explicabo. Sed dolore eum similique nam cupiditate distinctio magni. Temporibus voluptatem sint alias omnis corporis. Animi non molestias nobis a quidem cum.',0,1,'2010-05-26 20:06:37'),(891,91,91,3,'Pariatur similique consequatur fuga in labore. Nostrum illum sint placeat similique eius. Quibusdam quae aut amet veritatis unde qui. Quasi minus ut nulla et maiores soluta quos saepe.',0,1,'2014-12-11 08:08:08'),(892,92,92,4,'Molestias natus dolore id. Qui delectus repellat eum quas facilis asperiores et.',0,1,'2017-01-08 13:28:03'),(893,93,93,5,'Modi tempore sit dolorem vel omnis quia. Nam quis minus dolor voluptas et. Aut sit recusandae aliquam quis ad.',1,1,'2018-02-22 01:06:49'),(894,94,94,6,'Qui sed quo quos expedita. Quod dignissimos laboriosam aspernatur sed. Et eum et suscipit officiis ab.',0,1,'2011-10-30 23:47:06'),(895,95,95,7,'Adipisci aut eveniet nemo et magni facere amet provident. Hic nulla provident nulla dolores. Nisi eum quidem autem vero sint recusandae blanditiis. Molestias ut similique dolorum omnis sint.',1,1,'2013-03-26 10:32:34'),(896,96,96,8,'Qui similique earum repellendus accusamus doloribus in accusamus est. Pariatur est optio odio quam sit. Ut repellat dolorum non sint. Explicabo laudantium et libero nihil. Aliquid commodi dolore id omnis labore et nemo qui.',0,1,'2012-11-10 18:01:37'),(897,97,97,1,'Nihil minima corrupti repellendus eveniet praesentium voluptates. Voluptatibus et rerum autem omnis voluptatibus nesciunt. Laboriosam quo quae accusamus ratione.',1,0,'2011-01-13 10:54:54'),(898,98,98,2,'Nihil repudiandae omnis voluptatum nihil unde ad sed. Aut ullam suscipit eum ut quam dolorem. Architecto quis odio fuga illo itaque.',0,0,'2011-10-24 05:43:24'),(899,99,99,3,'Maxime quia illum ad iure sit tempora. Ipsum eveniet saepe sit sed inventore et. Ut et fugiat soluta pariatur.',1,1,'2010-08-16 16:16:28'),(900,100,100,4,'Facilis temporibus inventore sit iure. Deserunt inventore et id est commodi est. Minus inventore quo quo reprehenderit dolores laudantium illum. Eos laborum porro quo.',1,1,'2015-07-15 17:35:45'),(901,1,1,5,'Voluptas odit odio aperiam aut perspiciatis. Fuga sint enim porro provident quod. Corrupti id ea debitis. Minima inventore autem minus at aut.',1,0,'2015-05-08 13:01:42'),(902,2,2,6,'Deserunt porro et id occaecati tempora. Qui quibusdam architecto officiis placeat sed et rerum. Aut in quibusdam et consequatur sit quo recusandae. Neque ut qui labore est voluptas et. Architecto velit autem alias fugiat.',0,0,'2014-09-02 04:05:49'),(903,3,3,7,'Earum laboriosam maxime minus. Vero aspernatur dignissimos similique vel. Qui nulla omnis a placeat optio hic dignissimos.',0,0,'2014-10-07 20:09:54'),(904,4,4,8,'Qui tenetur ut laboriosam necessitatibus. Omnis doloribus corporis blanditiis ut non natus quos maxime. Vel ut quos maxime et mollitia quos.',0,1,'2018-06-02 17:46:13'),(905,5,5,1,'Culpa repellat eos modi incidunt nam repellendus. Reprehenderit adipisci doloribus architecto. Suscipit incidunt ab occaecati amet vitae. Architecto quis sed deserunt.',0,1,'2018-06-10 02:49:54'),(906,6,6,2,'Alias nulla suscipit quos excepturi saepe. Soluta delectus aut ut unde et voluptas provident quia. Occaecati distinctio qui voluptatem.',0,0,'2015-05-30 01:45:43'),(907,7,7,3,'Dolorem nesciunt hic qui minus. Perspiciatis et accusantium quo necessitatibus et.',1,1,'2011-11-19 20:39:15'),(908,8,8,4,'Quo aliquid qui nisi. Ratione quasi necessitatibus minima libero sit. Id cum ullam maxime numquam aut ea. Quis vel dolorem repellat architecto nisi suscipit.',1,1,'2019-02-13 16:33:53'),(909,9,9,5,'Est necessitatibus delectus vitae. Blanditiis quia consectetur est quidem dolor. Nulla expedita aut iusto cumque odio. Delectus autem libero consectetur ut.',0,1,'2017-08-13 22:51:49'),(910,10,10,6,'Sunt est a non quidem ut ut expedita fuga. Eum aut laboriosam odit libero corporis sequi consequatur. Aspernatur nisi velit magni quaerat delectus aut.',0,1,'2012-11-22 04:08:07'),(911,11,11,7,'Et laudantium iure omnis nam similique voluptate dolor. Nesciunt voluptas praesentium corporis sed quia. Ex sint fugit occaecati odio nihil ut quisquam qui. Quae cumque saepe autem velit voluptatem dicta.',0,0,'2010-09-06 01:09:49'),(912,12,12,8,'Fuga debitis et nulla iure non. Culpa non rerum aspernatur vitae ut necessitatibus ipsam. Ea cumque aut rem in facilis maxime itaque amet. Adipisci minima minus incidunt. Id sunt commodi quas explicabo ut repudiandae.',1,1,'2011-12-03 09:48:23'),(913,13,13,1,'Quia aut in iusto amet. Deleniti ut id eum atque. Qui nostrum porro consectetur nulla. Laborum deserunt minima qui.',1,0,'2017-11-29 16:43:22'),(914,14,14,2,'Recusandae et blanditiis voluptatem illum ratione consequatur voluptas unde. Harum eum suscipit eos excepturi.',1,1,'2011-06-21 04:58:20'),(915,15,15,3,'Sed non quaerat veritatis. Velit provident iure dolorem. Ab nisi est id voluptates. Vel perferendis dolores sit non omnis id inventore aut. Officia assumenda pariatur cumque dolorem et aut.',1,0,'2017-09-09 17:14:20'),(916,16,16,4,'Veritatis quidem nam modi. Aut et aut officiis incidunt eius et quisquam. Rerum recusandae neque quae.',0,1,'2019-09-10 07:31:22'),(917,17,17,5,'Nihil nam tempora similique quia consequuntur ea est. Est fugit quia nihil hic qui.',1,1,'2012-10-23 20:52:06'),(918,18,18,6,'Autem vel animi nobis quos. Omnis delectus repudiandae recusandae ut rerum vel. Ut eveniet id est at.',1,0,'2016-12-23 00:15:36'),(919,19,19,7,'Iusto assumenda iure voluptas veniam dignissimos. Sit nulla molestiae sit quibusdam nisi inventore. Quia dolorum nesciunt quia ducimus. Quas perferendis harum autem.',0,0,'2014-05-21 01:56:46'),(920,20,20,8,'Velit praesentium voluptas incidunt quis quo. Voluptatem quasi aut possimus ullam nesciunt mollitia excepturi. Soluta architecto atque laborum autem. Consequatur sint itaque qui unde blanditiis.',1,0,'2015-04-02 18:53:48'),(921,21,21,1,'At explicabo minus dolorum fugit. Accusantium fuga facere labore maiores deleniti illo libero. Dolorem dolor voluptatibus quo sed. Dolores esse nulla deserunt esse numquam.',1,1,'2017-12-28 12:16:44'),(922,22,22,2,'Suscipit dolores voluptatem quae ullam nisi adipisci similique. Id laboriosam in et consequuntur qui dolorem sed vel. Voluptatum explicabo et aut nisi eos placeat ut. Et suscipit vel illo aut saepe.',0,0,'2019-07-28 02:14:37'),(923,23,23,3,'Repudiandae quaerat totam excepturi quod nesciunt architecto cum. Mollitia voluptas alias dolorem necessitatibus officiis aliquam. Qui illum sint et et delectus ipsum. Molestiae culpa facere pariatur.',1,0,'2014-02-19 11:48:41'),(924,24,24,4,'Molestiae dicta minima qui ipsum mollitia. Dolorem eum temporibus fugit magni nam quo. Eaque ducimus sapiente a modi tempora.',1,1,'2013-09-03 13:12:18'),(925,25,25,5,'Quia in dolore quasi explicabo et recusandae aperiam. Magni sequi quo debitis amet quam dolorum quia. Earum modi dolorem repellat et autem. Quis accusantium optio molestiae labore et similique maiores. Corporis veritatis magni numquam.',0,0,'2014-05-01 08:42:20'),(926,26,26,6,'Sapiente nihil quis et consequuntur odio ad omnis. Aut maxime sit est. Minima aliquid blanditiis ex beatae.',0,1,'2014-03-12 16:32:09'),(927,27,27,7,'Non error quia est cumque aperiam. Minus qui molestias nihil non tenetur. Cupiditate consequatur itaque in ut voluptatem. Omnis harum ipsa saepe dolorem consequatur quis debitis.',0,1,'2012-09-16 06:50:35'),(928,28,28,8,'Maxime maxime ab veritatis illum deserunt. Itaque voluptatum beatae et incidunt consequatur. Sit et vel voluptate quia ut qui. Non rerum ratione et animi asperiores.',1,1,'2013-07-01 03:16:28'),(929,29,29,1,'Voluptas delectus aperiam ea ut similique officiis excepturi. Explicabo ut et ratione minima aut ea esse. Quaerat placeat eos magni quo et repellendus.',1,0,'2011-07-21 20:37:36'),(930,30,30,2,'Est quia sit labore nemo aliquam. Perspiciatis reiciendis enim occaecati et consequatur dolorum. Est quidem ut eaque doloremque eos nam earum. Fugit voluptates minus vitae qui nostrum assumenda.',0,0,'2017-04-19 11:11:05'),(931,31,31,3,'Perferendis accusamus ipsum ducimus qui. Ab similique rerum distinctio magni nam aspernatur qui. Hic est dolores enim cum ut consequatur.',1,1,'2014-11-07 01:00:44'),(932,32,32,4,'Et dolores ut similique ut qui. Ipsam neque quae vero expedita qui voluptatem. Consequatur eum ipsum nisi voluptate voluptas quos impedit molestias. Ut sunt et deserunt quis omnis explicabo ducimus inventore.',1,0,'2017-06-22 07:41:35'),(933,33,33,5,'Enim aut quibusdam alias est et. Quod suscipit autem aut doloribus. Earum voluptas totam magnam nisi quo animi eos facilis. Nostrum autem autem quibusdam recusandae dicta et neque.',0,1,'2017-08-14 14:52:09'),(934,34,34,6,'Sunt architecto aut soluta sapiente doloremque id quidem. Vel quae sint molestiae dolorem. Temporibus facilis ut eveniet eius.',1,1,'2016-10-02 23:45:20'),(935,35,35,7,'Ipsam est consequuntur praesentium ut voluptatum sit voluptatem blanditiis. Eaque eligendi voluptates nulla. Voluptate sunt vitae voluptatibus exercitationem.',1,1,'2010-05-11 14:43:08'),(936,36,36,8,'Dolore earum facilis facilis ad quae. Illo rerum praesentium quas asperiores ut. Laboriosam nihil voluptas omnis mollitia quia minima.',0,1,'2010-07-03 05:09:09'),(937,37,37,1,'Fuga fugit iusto eos suscipit et est magni necessitatibus. Sed qui qui nemo iusto debitis error. Provident aliquid at sed consequatur aut eum. Iusto id velit ducimus consequatur.',0,0,'2018-06-01 09:05:34'),(938,38,38,2,'Laborum consequatur dolor consequatur repellendus aut dolorem. Molestiae sequi quas iste earum. Facere animi ab assumenda nam quia.',1,1,'2018-07-01 06:50:39'),(939,39,39,3,'Porro ex doloribus soluta asperiores. Commodi porro consequuntur assumenda necessitatibus perferendis voluptatem et. Similique dolorum aliquam saepe facilis beatae. Amet fugit dolor et dignissimos voluptatem non.',1,0,'2015-04-03 18:50:55'),(940,40,40,4,'Impedit aperiam excepturi velit sit. Praesentium at quam dolorem sint ab repellendus et nam. Quia sit asperiores nesciunt a. Adipisci et inventore voluptas ut.',0,0,'2016-11-29 04:59:31'),(941,41,41,5,'Dolorum voluptas et suscipit magni atque qui eum. Quia ab dolorem in et labore perspiciatis. Libero dolorum sint enim aut. Ipsa iusto aliquam blanditiis.',1,0,'2012-01-03 03:37:34'),(942,42,42,6,'Voluptatibus illo sed similique consequatur accusantium ut. Maxime explicabo doloribus laboriosam sapiente dolorem ut quis.',1,0,'2018-12-05 07:18:53'),(943,43,43,7,'Quas id est vitae nobis nihil occaecati eum. Quo deserunt numquam aut corporis facilis. Distinctio voluptas molestias suscipit inventore vel nisi. Est quod sit fugit.',1,0,'2018-10-16 08:35:39'),(944,44,44,8,'Qui fugit nihil mollitia excepturi. Eos iste qui repudiandae quis omnis. Temporibus quae dicta aspernatur sapiente et laudantium beatae. Temporibus quaerat cum provident praesentium.',1,1,'2018-09-09 06:04:41'),(945,45,45,1,'Quidem recusandae autem vel dolores perferendis deleniti. Porro quod aut sint eum quis. Culpa officia cumque dolor et consequatur ut et quia. Dolor rerum molestiae quod quaerat maiores voluptatem consequatur eum.',0,1,'2016-06-27 15:00:01'),(946,46,46,2,'Mollitia deserunt sed porro id ipsam. Harum et fuga ea veritatis dolore nesciunt nemo. Sed occaecati sunt distinctio corporis repudiandae qui. Similique quo quibusdam pariatur tempore repellat rerum doloremque inventore.',0,0,'2019-10-18 03:47:36'),(947,47,47,3,'Vitae labore ut veniam eius libero laborum voluptatum. Delectus excepturi est vero magni veritatis. Ipsum culpa excepturi ipsam quia eum eos. Consequatur suscipit nulla ad sint assumenda.',1,0,'2013-07-09 15:21:42'),(948,48,48,4,'Architecto ex totam occaecati labore qui nesciunt ullam ut. Fugiat earum id minus voluptatum quia ipsa. Qui animi illum distinctio odio ut explicabo vel occaecati. Quas maiores laudantium enim omnis reiciendis dolorem nisi.',1,1,'2013-10-20 17:03:45'),(949,49,49,5,'Quaerat facilis ad a dolores nostrum ipsam nihil. Vero quas natus incidunt sit sed saepe aut autem. Non harum quasi ipsam rerum officia nobis repudiandae. Qui eum quia optio est consectetur.',0,1,'2016-08-07 15:49:47'),(950,50,50,6,'Numquam sed non omnis voluptate non voluptas cupiditate. Aut voluptate fugit omnis molestiae. Ut veritatis et similique est perferendis voluptatem qui exercitationem.',1,0,'2010-10-23 07:19:45'),(951,51,51,7,'Tempora perferendis nulla non. Consequatur atque qui voluptas velit saepe. A atque adipisci totam eum veritatis totam. Ut expedita veniam quasi dolor sit.',0,0,'2012-04-27 21:05:48'),(952,52,52,8,'Ratione saepe quis incidunt aperiam. Amet officiis tenetur et veritatis sunt quia. Nulla quo laudantium eos voluptatem facere. Adipisci totam aspernatur necessitatibus aliquid eos cumque et.',1,0,'2018-05-24 18:46:21'),(953,53,53,1,'Eos accusamus perspiciatis recusandae inventore. Molestiae reiciendis nostrum iste exercitationem maxime. Et dolore sit error consequuntur enim beatae.',0,0,'2010-12-21 11:23:04'),(954,54,54,2,'Velit commodi odit minima iusto modi sit est. Cupiditate ipsa eos officia rerum doloribus cumque. Corporis omnis in incidunt amet id.',0,1,'2016-05-25 04:52:57'),(955,55,55,3,'Laudantium qui sed unde est facere voluptate. A reiciendis sint tempora laudantium. Autem excepturi perferendis ex illo quisquam similique neque.',1,1,'2013-03-04 20:04:17'),(956,56,56,4,'Tempora nihil earum non consequatur excepturi. Officia et quidem ut ipsam eveniet. Et earum qui optio ea praesentium velit.',1,0,'2013-01-07 09:56:27'),(957,57,57,5,'Reprehenderit aperiam corporis vitae incidunt optio facilis fuga. Natus exercitationem consequatur corporis adipisci inventore incidunt quia quam. Hic omnis minima pariatur reprehenderit omnis commodi.',0,1,'2017-11-01 04:56:33'),(958,58,58,6,'Est dignissimos quod vel qui commodi omnis fugit. Laboriosam eos eius quia laudantium unde dolorem cum. Laborum nostrum et eum repellendus earum cumque. Maiores perspiciatis dicta modi ipsam nesciunt culpa.',0,1,'2014-04-29 00:44:02'),(959,59,59,7,'Est a quas ipsam dolore ut unde. Quia eum magni natus aut. Vel ipsam sed consequatur est in rem. Rerum vel ut et eaque in aut dolores.',0,0,'2014-01-21 13:37:02'),(960,60,60,8,'Fugiat hic ducimus omnis itaque dolor cumque. Eum nam eveniet reprehenderit non. Exercitationem quaerat sapiente veritatis dignissimos dolorem vel debitis quisquam. Expedita ut repellendus vitae corporis excepturi rerum.',0,1,'2010-12-04 04:03:38'),(961,61,61,1,'Voluptatem hic temporibus assumenda mollitia explicabo debitis aperiam. Voluptatem eligendi aut veritatis. Expedita adipisci sit blanditiis occaecati. Molestias inventore voluptas eum non et maxime.',0,1,'2011-07-28 20:43:14'),(962,62,62,2,'Quaerat velit quis aliquam omnis. Modi enim totam aspernatur autem eius nobis. Laborum ut totam eos qui rerum error.',0,0,'2013-09-17 09:44:08'),(963,63,63,3,'Ut temporibus vel aliquid id perspiciatis aut. Earum autem veritatis dolorum rerum qui qui beatae. Quasi amet aut ut odio non et. Sed provident facilis officiis rerum.',1,0,'2014-07-11 10:45:46'),(964,64,64,4,'Earum consectetur sit et rem. Est est ad voluptatem. Ducimus a consequuntur quasi numquam numquam. Voluptatem minus quia quia iure porro.',1,1,'2020-02-03 02:58:53'),(965,65,65,5,'Repellendus repellendus similique praesentium earum. Temporibus eveniet sit repellat nemo. Harum ex non quia qui sunt voluptatem.',1,0,'2020-01-21 12:27:15'),(966,66,66,6,'Occaecati magnam ratione odit reprehenderit molestias pariatur enim. Esse doloribus mollitia enim officiis velit aut. Porro omnis et dolorum et placeat eos aut. Alias et quae deleniti nemo dolorum dolor aut. Necessitatibus perferendis dolores provident nostrum facere.',0,0,'2011-10-03 19:46:26'),(967,67,67,7,'Eum inventore iure ut possimus animi quia qui nulla. Voluptas maxime consequuntur et eligendi architecto fugit. Sapiente et sapiente eos ea. Beatae eum necessitatibus molestiae qui rerum ipsam dolorem.',0,1,'2010-07-25 02:28:43'),(968,68,68,8,'Amet molestiae porro blanditiis libero sint est. Ea praesentium voluptas eum. At quibusdam error quia sed quo veritatis aut. Commodi sed laborum quas ipsa. Sunt qui error quas eos dolorum sequi nemo excepturi.',1,1,'2012-01-05 17:45:33'),(969,69,69,1,'Debitis magni ab vel eos aut ut odit. Dolores commodi alias impedit veritatis consequatur. Dolores non molestias reprehenderit commodi eius aut quisquam.',1,1,'2010-06-28 23:46:34'),(970,70,70,2,'Aspernatur dicta est numquam molestiae at quod exercitationem repudiandae. Aut nam eveniet earum tempore voluptatem. Voluptates quia quae placeat nulla ipsam.',1,1,'2015-04-13 04:44:31'),(971,71,71,3,'Vel officiis corrupti repellendus est facere. Molestiae ipsum rerum nihil dolorum rem consequatur repellat. Voluptates repellat unde possimus ea enim asperiores aliquam. Nam velit optio et tempora dolorem voluptatum.',0,0,'2013-06-10 05:57:48'),(972,72,72,4,'Inventore eum facere ab modi voluptatem. Qui quisquam omnis illum sapiente repellat. Sed qui quae facere non similique.',1,1,'2017-06-28 22:26:42'),(973,73,73,5,'Vel sit quo eos repellat sint est et. Veritatis sint aut eveniet. Dolorem fugiat ipsam maiores sunt quasi est est.',1,0,'2012-11-21 15:43:45'),(974,74,74,6,'Ad in voluptatem fugit perspiciatis atque mollitia quibusdam perspiciatis. Ab ad nam autem magni facilis maiores earum. Dolor est dolorem blanditiis tenetur.',0,0,'2012-10-27 00:03:25'),(975,75,75,7,'Et sed possimus et amet reiciendis. Aliquid ipsa mollitia distinctio cum aliquam. Facilis et natus minima expedita illum.',1,1,'2012-04-25 14:12:26'),(976,76,76,8,'Ut soluta placeat nostrum sed dolorum. Inventore id nisi ut enim. Soluta dolores incidunt blanditiis error porro sequi nostrum. Non voluptates sunt eum maxime labore. Nemo delectus architecto dicta sit.',1,0,'2011-06-25 19:15:00'),(977,77,77,1,'Quidem maiores id est voluptatem deleniti. Similique fugiat aut distinctio. Minima quae non officiis nostrum eum rerum eum.',1,1,'2019-04-23 15:33:37'),(978,78,78,2,'Maxime sit et quod fuga quaerat. Adipisci voluptatem quod et earum est aliquid. Deserunt iste dolores ipsum repellendus. Itaque excepturi porro similique qui cumque.',1,1,'2014-11-13 21:39:55'),(979,79,79,3,'Repellendus culpa cumque nobis quo culpa et sapiente. Sunt odit facilis doloribus. Rerum eligendi omnis voluptatem atque esse et sint.',1,0,'2011-03-03 22:40:13'),(980,80,80,4,'Quasi facere incidunt sed. Ipsa facilis similique assumenda inventore non. Cum officiis tenetur quia nesciunt voluptates accusantium est.',0,1,'2018-10-15 13:53:11'),(981,81,81,5,'Et et fugiat vel ad et minima non dolorem. Architecto sit aut esse. Quas ut alias laboriosam et.',0,1,'2011-06-07 06:21:30'),(982,82,82,6,'Ratione quidem corporis quidem cupiditate sint consectetur. In eveniet fugiat illum ut consectetur eos. Sapiente vitae voluptate alias perspiciatis officiis.',0,0,'2014-08-09 05:02:47'),(983,83,83,7,'Fuga aut quae dignissimos error quis natus est. Natus sed ad rem architecto.',0,1,'2016-08-02 14:47:16'),(984,84,84,8,'Error earum ut eum sint. Qui assumenda aut est harum itaque qui velit. Porro deleniti quis facilis sit assumenda magnam et.',1,1,'2011-04-17 15:30:44'),(985,85,85,1,'Consectetur eum dolores nobis et molestiae molestiae quis. Cupiditate praesentium aut nulla exercitationem accusantium facilis quia. Voluptate voluptates alias a voluptatum harum sunt dolor saepe. Tempora voluptatem quae dolorem non eaque maxime laborum.',1,1,'2017-07-18 08:06:11'),(986,86,86,2,'Cupiditate impedit numquam qui id. Animi quia voluptas expedita consequatur voluptas dignissimos pariatur et. Alias omnis iste est totam nobis illum qui.',0,0,'2015-02-27 22:26:38'),(987,87,87,3,'Ut accusamus excepturi architecto nobis. Qui rerum dignissimos nemo perferendis dolorem nam cupiditate. Maxime iure autem qui et nemo iure.',0,0,'2016-12-26 10:35:44'),(988,88,88,4,'Sapiente cumque totam dolores eius aspernatur dolore tempore. Quibusdam qui fugiat debitis et reprehenderit exercitationem reiciendis. Et nam sed excepturi provident.',0,1,'2010-11-18 04:02:04'),(989,89,89,5,'Est totam ut exercitationem vero. Et doloribus dolorum sed sed provident necessitatibus voluptatem. Quae rerum vitae voluptatum dolorum quod sint asperiores. Perspiciatis incidunt non provident sed. Consequatur autem error dolorem fugiat libero quod.',1,1,'2020-03-14 09:23:35'),(990,90,90,6,'Adipisci fuga commodi quaerat praesentium et blanditiis suscipit. Praesentium quisquam a accusantium animi. Rerum non reprehenderit eligendi.',0,1,'2019-11-03 02:41:15'),(991,91,91,7,'Dolores velit rerum quia eum quia molestiae nemo magnam. Pariatur quasi nisi tempore consectetur assumenda velit vel. Delectus esse quo cum fugiat qui est. Similique corporis sed et molestiae quia ipsa odit.',1,1,'2017-02-13 12:51:39'),(992,92,92,8,'Esse aut illum eum aliquam deserunt ut recusandae. Aut suscipit qui ex suscipit. Sunt similique eum aut distinctio. Illo veritatis itaque vero et quibusdam sint.',1,1,'2015-04-30 18:20:07'),(993,93,93,1,'Minus quis eaque aut iusto. Voluptas dicta est consectetur architecto deserunt sit placeat. Et et doloremque aut tempora itaque perferendis dolor fuga.',0,1,'2014-02-05 01:42:38'),(994,94,94,2,'Aut et nemo et similique autem omnis quia. Praesentium libero aspernatur molestiae recusandae aut velit neque. Incidunt voluptas tempore debitis numquam.',1,0,'2011-06-25 02:44:07'),(995,95,95,3,'Iste pariatur est est repellendus placeat alias ea. Eius quod corporis voluptates accusamus ex nostrum. Molestias aut possimus voluptatem.',1,0,'2018-11-02 06:16:32'),(996,96,96,4,'Itaque ipsum dolor modi sit. Natus officia blanditiis blanditiis corporis reprehenderit et. Aperiam corrupti fugit quis non distinctio quia reiciendis id.',1,1,'2018-11-05 02:08:16'),(997,97,97,5,'A expedita commodi aut ipsa. Quo provident officiis unde amet harum. Eveniet voluptas pariatur omnis voluptas consequatur et. Et eligendi aperiam doloribus id sint. Error iure fuga et.',1,1,'2011-02-01 23:17:20'),(998,98,98,6,'A cum hic nostrum ea sunt. Magnam deserunt quis minima minus est voluptas facilis aut. Aut dignissimos architecto temporibus labore exercitationem eos.',1,1,'2012-10-09 16:09:45'),(999,99,99,7,'Iusto alias accusamus et consequatur dolorem nostrum fugiat non. Ratione quidem hic eligendi cupiditate.',1,1,'2014-07-01 09:26:03'),(1000,100,100,8,'Corporis quis ut nostrum consequatur reprehenderit quod quis laudantium. Reiciendis sunt quo provident numquam eveniet mollitia dolore. Optio quasi possimus deserunt beatae culpa pariatur quasi possimus.',1,1,'2010-11-29 15:49:15');
/*!40000 ALTER TABLE `messages` ENABLE KEYS */;
UNLOCK TABLES;

--
-- Table structure for table `profiles`
--

DROP TABLE IF EXISTS `profiles`;
/*!40101 SET @saved_cs_client     = @@character_set_client */;
/*!50503 SET character_set_client = utf8mb4 */;
CREATE TABLE `profiles` (
  `user_id` int unsigned NOT NULL,
  `gender` char(1) NOT NULL,
  `birthday` date DEFAULT NULL,
  `city` varchar(100) DEFAULT NULL,
  `country` varchar(100) DEFAULT NULL,
  PRIMARY KEY (`user_id`)
) ENGINE=InnoDB DEFAULT CHARSET=utf8mb4 COLLATE=utf8mb4_0900_ai_ci;
/*!40101 SET character_set_client = @saved_cs_client */;

--
-- Dumping data for table `profiles`
--

LOCK TABLES `profiles` WRITE;
/*!40000 ALTER TABLE `profiles` DISABLE KEYS */;
INSERT INTO `profiles` VALUES (1,'m','1989-12-05','Lake Suzannemouth','Guadeloupe'),(2,'m','1996-06-04','New Candelario','Moldova'),(3,'f','2018-09-09','Port Makaylatown','Australia'),(4,'m','1996-07-09','Marquardtstad','Ireland'),(5,'m','1996-09-03','East Lea','Mexico'),(6,'m','2002-05-30','Port Nathenmouth','Swaziland'),(7,'f','1989-07-14','Cartwrightfurt','Montserrat'),(8,'m','2004-05-21','Port Cade','Estonia'),(9,'f','1990-05-08','Port Johathan','Martinique'),(10,'m','1988-05-10','West Keaton','Turkey'),(11,'m','2002-09-05','Port Abigayle','Martinique'),(12,'f','1984-01-28','Nitzschefurt','Puerto Rico'),(13,'m','1993-10-16','New Lesly','Western Sahara'),(14,'f','1985-12-31','Sporerstad','Luxembourg'),(15,'f','1979-01-17','Larsonmouth','Guam'),(16,'m','2012-08-18','East Katrinamouth','Niue'),(17,'m','1989-02-19','South Rollinview','Armenia'),(18,'f','1988-12-07','New Carmella','Wallis and Futuna'),(19,'f','2013-01-13','Brendenton','Albania'),(20,'m','1981-10-14','New Joelberg','Ecuador'),(21,'f','2018-12-28','South Kayfort','Lao People\'s Democratic Republic'),(22,'m','2007-05-03','Funkberg','Brazil'),(23,'m','1977-03-11','East Judd','Bahamas'),(24,'m','1971-11-03','Declanfort','Solomon Islands'),(25,'m','2010-08-10','East Tryciaton','Tunisia'),(26,'m','2018-11-11','Herzogbury','Gibraltar'),(27,'m','1975-11-06','Lake Helga','Jamaica'),(28,'f','1975-08-04','West Katarina','Tuvalu'),(29,'m','2015-11-08','Jessyland','Faroe Islands'),(30,'m','1970-01-23','West Sarinamouth','South Africa'),(31,'m','2009-10-14','Naomiebury','Saint Martin'),(32,'m','1976-07-01','West Gerardotown','Jamaica'),(33,'m','1977-04-08','Westview','Seychelles'),(34,'m','1985-05-02','Spinkaview','Lithuania'),(35,'f','1997-11-15','Port Laury','Philippines'),(36,'m','1997-06-25','Nicholeland','American Samoa'),(37,'m','1977-11-07','Port Nathaniel','Bouvet Island (Bouvetoya)'),(38,'m','1977-03-19','Taureanside','French Guiana'),(39,'f','1990-09-18','West Stefanhaven','Korea'),(40,'m','1971-09-18','Mayerside','Cambodia'),(41,'f','2005-07-10','East Sashaville','Japan'),(42,'f','1983-03-01','New Augustus','Mozambique'),(43,'f','1983-08-28','New Merlbury','Korea'),(44,'m','2011-07-28','Carmelastad','Turks and Caicos Islands'),(45,'m','1975-01-01','Asamouth','Brunei Darussalam'),(46,'m','1976-08-17','Port Eunachester','Indonesia'),(47,'f','1973-11-10','Itzelborough','Somalia'),(48,'m','2018-11-20','Wunschtown','French Polynesia'),(49,'f','1977-07-10','Lake Robbport','Vietnam'),(50,'f','1998-04-19','McKenzieburgh','Niger'),(51,'m','2006-01-29','Port Rosetta','Peru'),(52,'f','1971-12-19','Borerbury','Jordan'),(53,'m','1996-07-07','New Corine','Rwanda'),(54,'f','2004-03-09','Port Martine','Andorra'),(55,'m','2006-10-04','Kuphalborough','Tuvalu'),(56,'m','1985-03-04','Loweborough','Bolivia'),(57,'f','2014-11-01','Schambergerburgh','Dominican Republic'),(58,'f','1981-12-25','South Kearachester','Iran'),(59,'m','1972-10-30','Hamillchester','Georgia'),(60,'f','1988-11-02','Lake Mariantown','Senegal'),(61,'f','2014-05-01','East Moshe','Luxembourg'),(62,'f','1975-01-18','New Queenfort','Hungary'),(63,'m','2017-07-28','Lysannehaven','Greenland'),(64,'m','1976-09-22','Port Quinton','Ukraine'),(65,'f','1973-01-12','Schmelerhaven','Ecuador'),(66,'f','1976-12-06','North Leopold','China'),(67,'m','2018-01-25','Abernathyton','Singapore'),(68,'m','1975-12-22','Port Eliezerfurt','Saint Martin'),(69,'m','2003-06-13','Lysanneville','Heard Island and McDonald Islands'),(70,'f','1999-11-25','South Kayceeton','Cayman Islands'),(71,'m','2014-06-29','East Piperfort','United States Minor Outlying Islands'),(72,'m','1972-07-30','Larkinport','Micronesia'),(73,'m','2014-07-10','Lindmouth','Colombia'),(74,'f','1980-01-10','Armstrongfort','Mexico'),(75,'m','1985-07-30','New Nyah','Sweden'),(76,'f','1982-01-03','West Maverick','Belarus'),(77,'f','1998-06-18','Heathcoteton','Egypt'),(78,'f','1988-05-20','Port Aisha','Poland'),(79,'f','2001-08-25','Mathewland','Malawi'),(80,'m','1985-04-19','Lefflerfort','Mayotte'),(81,'m','2002-04-28','South Jaclynland','Uganda'),(82,'f','2005-01-04','Smithammouth','Chad'),(83,'f','2003-03-13','South Rowlandtown','Grenada'),(84,'f','1995-11-18','New Tyshawn','Canada'),(85,'m','2005-10-12','West Trisha','Turkey'),(86,'f','1999-06-30','Jettiemouth','Peru'),(87,'m','1988-08-09','West Myra','China'),(88,'m','2016-09-02','West Abigailchester','Uzbekistan'),(89,'f','2011-09-19','Strosinton','Saint Lucia'),(90,'f','1973-08-09','West Easton','Vietnam'),(91,'f','1996-09-14','Lake Lavernaview','Ukraine'),(92,'f','1995-01-15','Juliuston','Indonesia'),(93,'m','2002-07-10','Haagmouth','Sao Tome and Principe'),(94,'m','1997-01-15','Michaelaview','Bermuda'),(95,'f','2010-03-31','West Rosalynland','United States Virgin Islands'),(96,'m','2017-02-27','West Shaniamouth','Turks and Caicos Islands'),(97,'m','1971-05-01','West Loy','Mozambique'),(98,'f','1989-03-14','New Hallie','Czech Republic'),(99,'f','2003-04-25','West Victoria','Cuba'),(100,'f','1982-06-25','Kesslerville','Algeria');
/*!40000 ALTER TABLE `profiles` ENABLE KEYS */;
UNLOCK TABLES;

--
-- Table structure for table `users`
--

DROP TABLE IF EXISTS `users`;
/*!40101 SET @saved_cs_client     = @@character_set_client */;
/*!50503 SET character_set_client = utf8mb4 */;
CREATE TABLE `users` (
  `id` int unsigned NOT NULL AUTO_INCREMENT,
  `first_name` varchar(100) NOT NULL,
  `last_name` varchar(100) NOT NULL,
  `email` varchar(120) NOT NULL,
  `phone` varchar(120) NOT NULL,
  `created_at` datetime DEFAULT CURRENT_TIMESTAMP,
  `updated_at` datetime DEFAULT CURRENT_TIMESTAMP ON UPDATE CURRENT_TIMESTAMP,
  PRIMARY KEY (`id`),
  UNIQUE KEY `email` (`email`),
  UNIQUE KEY `phone` (`phone`)
) ENGINE=InnoDB AUTO_INCREMENT=101 DEFAULT CHARSET=utf8mb4 COLLATE=utf8mb4_0900_ai_ci;
/*!40101 SET character_set_client = @saved_cs_client */;

--
-- Dumping data for table `users`
--

LOCK TABLES `users` WRITE;
/*!40000 ALTER TABLE `users` DISABLE KEYS */;
INSERT INTO `users` VALUES (1,'Tianna','Koepp','ffriesen@example.org','441.965.0833x4497','2013-03-03 19:27:45','2011-10-01 07:32:37'),(2,'Alyson','Kreiger','aron.haag@example.net','(709)631-5258','2012-09-07 07:05:08','2015-12-14 20:41:55'),(3,'Ella','Kautzer','abe.gaylord@example.net','09980693128','2012-11-16 07:57:56','2017-09-20 05:07:55'),(4,'Marta','Jast','mcdermott.garnett@example.org','084.470.9221x87209','2011-02-02 10:18:35','2013-12-06 14:46:18'),(5,'Augustus','Doyle','dswaniawski@example.com','1-724-382-3140x77393','2018-11-22 12:39:52','2015-05-10 01:29:47'),(6,'Shannon','Jacobs','jast.aiyana@example.net','295.535.5138x67599','2013-12-31 13:30:58','2012-12-05 05:54:09'),(7,'Paolo','Monahan','michele.johnston@example.net','1-231-594-8576','2015-06-13 20:22:29','2017-01-25 06:28:09'),(8,'Forest','Wyman','bcummings@example.org','+92(3)2124209156','2011-07-17 04:11:08','2012-07-29 20:27:25'),(9,'Aryanna','Bechtelar','kuphal.lavada@example.com','288-025-3832x3572','2018-07-20 08:29:08','2019-10-15 17:53:42'),(10,'Sheila','Toy','mertie13@example.org','733-616-4975x0587','2011-12-05 20:58:01','2012-04-02 16:46:30'),(11,'Marcos','Schmeler','ryley02@example.org','(316)972-5160x241','2018-04-28 13:00:50','2018-06-19 18:37:49'),(12,'Samir','Turner','davis.korbin@example.com','09431431037','2018-01-29 07:18:58','2019-12-14 16:24:38'),(13,'Clay','Kulas','asia.schoen@example.org','1-792-128-5612','2015-11-25 18:12:14','2011-05-16 01:30:56'),(14,'Rudy','Gibson','ruby.o\'connell@example.com','+49(6)4280722986','2016-09-03 15:43:46','2012-08-11 14:30:39'),(15,'Kristofer','Funk','abagail37@example.net','08567178818','2014-12-03 11:20:48','2019-10-30 03:53:47'),(16,'Adella','Kemmer','uvonrueden@example.com','842-461-3162x8770','2013-04-16 20:15:11','2019-03-13 01:39:30'),(17,'Annie','Yundt','kkunde@example.net','1-718-834-2795x42342','2010-06-14 19:01:26','2011-03-25 00:51:44'),(18,'Orland','Batz','fmclaughlin@example.org','957-480-1099x4593','2010-09-03 09:40:25','2010-05-08 02:13:20'),(19,'Malcolm','Volkman','fredrick15@example.org','633.743.3805x77542','2011-12-07 05:54:57','2019-01-24 15:43:28'),(20,'Grant','Hyatt','taylor57@example.com','1-368-444-6739x90484','2018-10-31 17:32:45','2013-07-27 06:29:49'),(21,'Litzy','Welch','roy.rowe@example.com','(341)719-2662','2020-01-28 21:57:03','2015-02-12 15:52:23'),(22,'Jeramy','Grimes','winston66@example.net','677.439.7797x21479','2018-11-27 11:30:48','2017-07-10 03:54:33'),(23,'Esther','Purdy','allene.cartwright@example.org','049.283.5357x18562','2010-12-07 15:52:52','2017-01-05 20:38:34'),(24,'Boyd','Stroman','mallie.kilback@example.org','658-287-6576x031','2015-02-28 01:10:24','2015-01-23 07:06:39'),(25,'Baron','Parker','hipolito50@example.org','1-559-610-4921x6963','2020-03-25 05:53:42','2014-10-28 08:59:13'),(26,'Jewel','Rath','dawn12@example.org','605-218-4989x698','2011-03-26 01:53:18','2014-09-14 13:52:29'),(27,'Thora','Schneider','moore.leanne@example.org','683-071-0040x108','2015-09-24 19:44:32','2016-03-22 21:45:45'),(28,'Lacey','Bernier','ewelch@example.org','046-843-5009x626','2013-02-11 22:40:20','2012-09-18 11:56:33'),(29,'Guy','O\'Kon','trenner@example.com','(879)262-5443','2012-06-25 01:02:56','2017-12-21 20:36:22'),(30,'Bridie','Kuphal','xberge@example.net','(774)152-8446x29745','2015-10-22 07:44:01','2013-02-19 17:05:29'),(31,'Ara','Cole','destini10@example.org','(825)507-6826x88200','2017-07-16 15:24:01','2010-06-23 22:46:50'),(32,'Ally','Reichel','balistreri.anissa@example.net','950-651-7496','2019-03-21 16:55:09','2014-10-02 15:14:15'),(33,'Reyes','Schimmel','golden73@example.net','283.913.3297','2019-08-12 18:30:30','2013-02-25 03:32:27'),(34,'Nick','O\'Keefe','petra.prosacco@example.com','810.696.2465','2019-03-01 16:54:18','2011-02-12 22:26:59'),(35,'Erich','Kling','jtoy@example.net','(432)416-5634x851','2016-05-21 15:39:23','2020-03-31 05:24:56'),(36,'Blake','Cummerata','elangworth@example.com','1-453-989-9862','2017-08-21 09:06:37','2018-10-30 15:07:33'),(37,'Jermey','Jones','jimmy86@example.org','583-390-9860','2017-04-27 09:41:04','2010-09-10 23:22:19'),(38,'Carmine','Towne','bednar.annabelle@example.net','1-036-885-1045x899','2014-03-28 03:24:49','2018-08-26 00:06:41'),(39,'Jazmin','Sipes','terrell03@example.net','1-173-507-6047x50965','2016-09-28 13:53:18','2010-11-28 13:13:55'),(40,'Marianna','Davis','vernice29@example.org','898.630.1538','2010-09-27 11:53:31','2015-04-22 20:32:59'),(41,'Onie','Kertzmann','edmond.renner@example.org','982.149.8936','2018-11-03 16:52:21','2012-12-04 19:13:34'),(42,'Francis','Bednar','zthiel@example.net','(448)004-4887','2010-07-26 19:19:00','2010-07-11 04:42:59'),(43,'Norma','O\'Kon','gavin29@example.org','514.440.2432','2011-03-13 08:41:56','2016-12-28 19:15:48'),(44,'Creola','Green','cbayer@example.net','027.969.2981x694','2010-07-31 03:13:37','2015-06-20 00:27:31'),(45,'Newell','Sauer','irunolfsson@example.net','+12(0)2389805877','2013-10-05 19:18:35','2014-04-30 02:26:39'),(46,'Shanny','Zboncak','littel.quinten@example.org','961-147-3705x268','2011-05-07 02:24:56','2019-05-28 19:41:15'),(47,'Devan','Hermiston','streich.ali@example.org','139.593.8963','2013-10-13 15:42:47','2019-01-22 22:28:59'),(48,'Crystal','Cummerata','cletus.ebert@example.org','1-914-371-1576','2016-01-12 10:03:48','2013-06-20 20:30:38'),(49,'Jayme','McCullough','becker.mario@example.org','283.720.1126x176','2010-10-16 06:49:23','2019-10-24 10:38:52'),(50,'Eliza','Jerde','richard31@example.com','(574)839-4302','2013-03-16 12:14:55','2015-10-02 00:04:14'),(51,'Newton','Volkman','dibbert.lenny@example.com','+18(2)3325935639','2017-02-05 19:47:25','2018-01-23 11:19:34'),(52,'Kasey','Volkman','willms.joan@example.net','360-416-7104','2013-06-04 11:25:51','2018-12-29 18:17:20'),(53,'Destiney','Grant','osinski.oran@example.com','(306)032-9147x4337','2014-04-23 03:06:11','2015-10-03 20:54:33'),(54,'Cary','Nolan','kenyatta60@example.net','09280741884','2010-11-12 03:15:00','2015-07-17 13:16:24'),(55,'Justine','Schmitt','mraz.louie@example.org','591-845-7039x86758','2013-02-03 18:38:55','2011-12-15 05:05:44'),(56,'Delaney','Goldner','rosetta20@example.com','1-269-861-1317x3524','2015-12-31 01:15:49','2018-05-03 12:30:18'),(57,'Jane','Boyer','quitzon.brionna@example.com','1-986-256-7304','2015-06-18 03:07:53','2013-07-26 05:05:01'),(58,'Jaycee','Yundt','ykoch@example.net','(421)177-8110x36169','2013-10-16 17:08:32','2012-03-05 03:56:27'),(59,'Maia','Ortiz','smaggio@example.net','495-979-3809x845','2018-12-12 18:27:01','2010-10-19 05:06:23'),(60,'Hattie','Parisian','finn42@example.org','+76(2)7505404529','2019-08-19 03:19:45','2014-01-05 09:39:01'),(61,'Eleanora','Farrell','oliver10@example.net','743.595.5778x7072','2012-05-04 09:05:29','2019-09-16 18:11:03'),(62,'Fermin','Krajcik','pfeffer.giuseppe@example.com','407-861-6793','2017-11-09 12:52:57','2016-08-09 01:10:03'),(63,'Devyn','Adams','olson.theresa@example.net','+13(0)0567215395','2012-07-07 18:38:35','2018-10-11 13:25:44'),(64,'Gerda','Larkin','leffler.manuela@example.net','08261582990','2012-11-28 11:30:26','2010-07-03 00:10:53'),(65,'Maxwell','Spinka','sullrich@example.net','950.091.9796x56632','2011-07-15 10:24:52','2017-05-01 06:35:27'),(66,'Maynard','Lynch','hammes.zack@example.net','814-470-6001','2015-06-03 10:38:38','2016-01-19 13:47:27'),(67,'Loren','Davis','francisco74@example.org','426.076.4026','2014-04-10 06:12:59','2011-01-02 00:59:49'),(68,'Raoul','Carroll','otilia.jacobs@example.com','1-233-250-6430','2016-03-13 22:18:13','2014-12-02 23:08:54'),(69,'Icie','Cremin','gleichner.crawford@example.net','(610)256-9176x06861','2020-03-26 14:38:23','2016-11-26 12:43:32'),(70,'Emmie','Walter','cassin.manley@example.com','115.508.2285','2018-10-11 06:39:47','2020-01-01 12:02:05'),(71,'Margarete','Reynolds','schinner.rashad@example.org','+94(2)4503401161','2011-01-06 01:53:03','2017-05-31 03:15:28'),(72,'Yasmin','Lowe','ofelia.o\'reilly@example.org','1-481-049-9787x0118','2012-04-27 06:27:58','2020-01-15 15:40:10'),(73,'Dorothea','Leuschke','greenholt.camren@example.com','1-665-968-3558x212','2010-09-12 08:39:16','2020-04-21 10:24:16'),(74,'Casey','Smitham','prosacco.jarret@example.net','583.779.8609','2015-11-16 22:36:42','2011-03-28 07:34:35'),(75,'Nikko','Cronin','turner60@example.net','(847)757-6295x003','2013-07-26 12:29:49','2014-05-03 13:23:27'),(76,'Joel','Reichel','xsauer@example.com','782-205-2230x13447','2015-01-17 04:15:59','2014-01-24 16:59:44'),(77,'Waino','Wiegand','lela02@example.org','1-385-171-4951','2017-03-13 06:57:06','2012-11-21 00:58:49'),(78,'Millie','Yundt','leatha.goyette@example.net','703-345-3673x3957','2010-05-29 11:56:38','2012-09-28 11:18:52'),(79,'Kendra','Connelly','prohaska.fleta@example.net','339.669.1028','2019-08-11 05:08:54','2013-08-16 05:36:29'),(80,'Stan','Jones','stowne@example.org','896-034-7175','2020-03-16 00:26:54','2014-01-12 07:03:52'),(81,'Nakia','Gaylord','tcronin@example.com','(150)537-9105','2019-12-20 00:52:14','2011-11-19 02:47:39'),(82,'Karson','Hansen','edmund69@example.net','1-805-667-3858x98860','2016-05-09 11:36:22','2015-03-26 10:18:49'),(83,'Ronny','Homenick','howe.marion@example.org','(469)704-8156x05311','2015-08-25 03:19:02','2018-08-13 05:18:10'),(84,'Aaron','Monahan','abbie08@example.net','1-184-963-6548','2018-11-02 15:39:49','2013-10-01 04:42:41'),(85,'Tara','Hills','kulas.roman@example.org','04391567094','2014-07-31 08:47:09','2012-02-16 06:58:26'),(86,'Providenci','Boehm','qbednar@example.net','05406366097','2017-05-25 05:12:01','2014-06-07 09:21:46'),(87,'Jolie','Leffler','malvina.o\'conner@example.net','(252)793-7019x586','2019-03-19 09:27:46','2018-11-06 14:04:51'),(88,'Marlene','Hessel','uschinner@example.org','372-841-9187x9942','2017-02-18 11:28:28','2018-03-22 08:09:00'),(89,'Emmanuel','Mueller','o\'hara.elza@example.net','07734310076','2014-06-25 10:35:30','2019-03-12 06:46:35'),(90,'Lonnie','Macejkovic','aisha.feest@example.com','460.934.1766x407','2019-04-03 22:22:13','2011-07-27 13:55:48'),(91,'Rene','Beatty','dixie34@example.org','059-225-6454x3465','2019-01-12 16:20:52','2018-12-22 20:12:39'),(92,'Ollie','Connelly','rebekah.miller@example.net','03708377846','2016-03-22 03:28:56','2014-09-19 00:13:01'),(93,'Gideon','Stanton','miles.rodriguez@example.com','+97(8)1533510587','2016-03-27 16:35:53','2015-06-12 13:00:14'),(94,'Arlo','Mohr','windler.shanie@example.com','750.315.6518x7681','2012-03-31 05:49:49','2011-12-25 02:05:53'),(95,'Lamar','Wisozk','neva.denesik@example.com','(532)595-9726x691','2019-07-06 08:32:57','2012-05-23 12:00:48'),(96,'Eulah','Renner','cristian19@example.org','201-711-5375','2016-05-25 03:11:25','2012-10-18 04:17:06'),(97,'Noble','Harris','leone.dickinson@example.org','(400)497-1137','2014-05-24 23:26:48','2015-12-07 22:21:32'),(98,'Lenora','Lynch','shana.heidenreich@example.net','396.817.6585x949','2015-10-04 22:56:47','2019-10-03 07:53:09'),(99,'Leanne','Thiel','mcormier@example.net','025-883-3955','2017-02-07 00:08:22','2017-08-05 05:33:57'),(100,'Angelo','Wolff','jade.kutch@example.org','+95(2)0045766190','2014-01-19 20:36:02','2019-03-29 15:33:14');
/*!40000 ALTER TABLE `users` ENABLE KEYS */;
UNLOCK TABLES;
/*!40103 SET TIME_ZONE=@OLD_TIME_ZONE */;

/*!40101 SET SQL_MODE=@OLD_SQL_MODE */;
/*!40014 SET FOREIGN_KEY_CHECKS=@OLD_FOREIGN_KEY_CHECKS */;
/*!40014 SET UNIQUE_CHECKS=@OLD_UNIQUE_CHECKS */;
/*!40101 SET CHARACTER_SET_CLIENT=@OLD_CHARACTER_SET_CLIENT */;
/*!40101 SET CHARACTER_SET_RESULTS=@OLD_CHARACTER_SET_RESULTS */;
/*!40101 SET COLLATION_CONNECTION=@OLD_COLLATION_CONNECTION */;
/*!40111 SET SQL_NOTES=@OLD_SQL_NOTES */;

-- Dump completed on 2020-04-24 12:46:13
