-- MySQL dump 10.13  Distrib 8.0.19, for Linux (x86_64)
--
-- Host: localhost    Database: conveyors
-- ------------------------------------------------------
-- Server version	8.0.19

/*!40101 SET @OLD_CHARACTER_SET_CLIENT=@@CHARACTER_SET_CLIENT */;
/*!40101 SET @OLD_CHARACTER_SET_RESULTS=@@CHARACTER_SET_RESULTS */;
/*!40101 SET @OLD_COLLATION_CONNECTION=@@COLLATION_CONNECTION */;
/*!50503 SET NAMES utf8mb4 */;
/*!40103 SET @OLD_TIME_ZONE=@@TIME_ZONE */;
/*!40103 SET TIME_ZONE='+00:00' */;
/*!40014 SET @OLD_UNIQUE_CHECKS=@@UNIQUE_CHECKS, UNIQUE_CHECKS=0 */;
/*!40014 SET @OLD_FOREIGN_KEY_CHECKS=@@FOREIGN_KEY_CHECKS, FOREIGN_KEY_CHECKS=0 */;
/*!40101 SET @OLD_SQL_MODE=@@SQL_MODE, SQL_MODE='NO_AUTO_VALUE_ON_ZERO' */;
/*!40111 SET @OLD_SQL_NOTES=@@SQL_NOTES, SQL_NOTES=0 */;

--
-- Table structure for table `Барабан отклоняющий`
--

DROP TABLE IF EXISTS `Барабан отклоняющий`;
/*!40101 SET @saved_cs_client     = @@character_set_client */;
/*!50503 SET character_set_client = utf8mb4 */;
CREATE TABLE `Барабан отклоняющий` (
  `Код` int NOT NULL AUTO_INCREMENT,
  `Обозначение` varchar(29) DEFAULT NULL,
  `Диаметр` smallint DEFAULT NULL,
  `Масса` smallint DEFAULT NULL,
  `Рисунок_Медиа_Код` int DEFAULT NULL,
  PRIMARY KEY (`Код`),
  UNIQUE KEY `Код` (`Код`),
  UNIQUE KEY `Код_2` (`Код`),
  KEY `Барабан отклоняющий_Рисунок_Медиа_Код_fk` (`Рисунок_Медиа_Код`),
  CONSTRAINT `Барабан отклоняющий_Рисунок_Медиа_Код_fk` FOREIGN KEY (`Рисунок_Медиа_Код`) REFERENCES `Медиа` (`Код`) ON DELETE SET NULL
) ENGINE=InnoDB AUTO_INCREMENT=14 DEFAULT CHARSET=utf8mb4 COLLATE=utf8mb4_0900_ai_ci;
/*!40101 SET character_set_client = @saved_cs_client */;

--
-- Dumping data for table `Барабан отклоняющий`
--

LOCK TABLES `Барабан отклоняющий` WRITE;
/*!40000 ALTER TABLE `Барабан отклоняющий` DISABLE KEYS */;
INSERT INTO `Барабан отклоняющий` VALUES (1,'БО.400-1200-1650-3520.01.000Д',400,458,NULL),(2,'2ПТ120.00.01.050',630,0,NULL),(3,'АФКЛ.1200.051.02.500',180,200,NULL),(4,'БО.400-1000-1540-3520.01.000Д',400,428,NULL),(5,'БО.400-1600-2250-3520.01.000Д',400,572,NULL),(6,'АФКЛ.1600.361.02.500',180,248,NULL),(7,'БО.400-1400-1900-3520.01.000',0,0,NULL),(8,'БО.180-1400-1900-3520.01.000',0,0,NULL),(9,'АФКЛ.1000.101.02.930',400,0,NULL),(10,'АФКЛ.1000.141.02.500',180,0,NULL),(11,'АФКЛ.1200.051.02.400',400,0,NULL),(12,'БО.400-1200-1650-3520.01.000',400,0,NULL),(13,'БО.400-1000-1358-3520.11.000',400,485,NULL);
/*!40000 ALTER TABLE `Барабан отклоняющий` ENABLE KEYS */;
UNLOCK TABLES;

--
-- Table structure for table `Барабан приводной`
--

DROP TABLE IF EXISTS `Барабан приводной`;
/*!40101 SET @saved_cs_client     = @@character_set_client */;
/*!50503 SET character_set_client = utf8mb4 */;
CREATE TABLE `Барабан приводной` (
  `Код` int NOT NULL AUTO_INCREMENT,
  `Обозначение` varchar(34) DEFAULT NULL,
  `Масса` smallint DEFAULT NULL,
  `Рисунок_Медиа_Код` int DEFAULT NULL,
  `П/муфта_Муфта_Код` int DEFAULT NULL,
  `Ширина` int DEFAULT NULL,
  `Диаметр` int DEFAULT NULL,
  PRIMARY KEY (`Код`),
  UNIQUE KEY `Код` (`Код`),
  UNIQUE KEY `Код_2` (`Код`),
  KEY `Барабан приводной_Рисунок_Медиа_Код_fk` (`Рисунок_Медиа_Код`),
  KEY `Барабан приводной_П/муфта_Муфта_Код_fk` (`П/муфта_Муфта_Код`),
  CONSTRAINT `Барабан приводной_П/муфта_Муфта_Код_fk` FOREIGN KEY (`П/муфта_Муфта_Код`) REFERENCES `Муфта` (`Код`) ON DELETE SET NULL,
  CONSTRAINT `Барабан приводной_Рисунок_Медиа_Код_fk` FOREIGN KEY (`Рисунок_Медиа_Код`) REFERENCES `Медиа` (`Код`) ON DELETE SET NULL
) ENGINE=InnoDB AUTO_INCREMENT=14 DEFAULT CHARSET=utf8mb4 COLLATE=utf8mb4_0900_ai_ci;
/*!40101 SET character_set_client = @saved_cs_client */;

--
-- Dumping data for table `Барабан приводной`
--

LOCK TABLES `Барабан приводной` WRITE;
/*!40000 ALTER TABLE `Барабан приводной` DISABLE KEYS */;
INSERT INTO `Барабан приводной` VALUES (1,'БП.650-1200-1700-3528.01.000МЦ',1217,NULL,NULL,1200,650),(2,'БП.820-1200-1800-3636.01.000',2070,NULL,NULL,1200,820),(3,'БП.420-1000-1430-3520.01.000Д',420,NULL,NULL,1000,420),(4,'БП.650-1000-1540-3528.01.000',0,NULL,NULL,1000,650),(5,'АФКЛ.1600.361.02.800(СФКЛ.06-05ПИ)',2535,NULL,NULL,1600,1020),(6,'БП.1020-1600-2370-3656.01.000',0,NULL,NULL,1020,1020),(7,'БП.820-1400-2000-3636.01.000',0,NULL,NULL,1400,820),(8,'БП.420-1200-1650-3520.01.000',0,NULL,NULL,1200,420),(9,'БП.650-1400-2000-3626.01.000',0,NULL,NULL,1400,650),(10,'АФКЛ.1000.101.02.500',0,NULL,NULL,1000,650),(11,'2ПТ120.12.01.01.000А',0,NULL,NULL,1200,650),(12,'АФКЛ.1600.361.02.800',0,NULL,NULL,1600,820),(13,'БП.820-1200-1800-3636.01.000МЗ',0,NULL,NULL,1200,820);
/*!40000 ALTER TABLE `Барабан приводной` ENABLE KEYS */;
UNLOCK TABLES;

--
-- Table structure for table `Бункер`
--

DROP TABLE IF EXISTS `Бункер`;
/*!40101 SET @saved_cs_client     = @@character_set_client */;
/*!50503 SET character_set_client = utf8mb4 */;
CREATE TABLE `Бункер` (
  `Код` int NOT NULL AUTO_INCREMENT,
  `Обозначение` varchar(23) DEFAULT NULL,
  `Высота` smallint DEFAULT NULL,
  `растоянн м/у ветями ленты` varchar(4) DEFAULT NULL,
  `Угол` varchar(4) DEFAULT NULL,
  `Масса` mediumint DEFAULT NULL,
  `Воронка` varchar(5) DEFAULT NULL,
  `Шибер` varchar(5) DEFAULT NULL,
  `Электромеханизм` varchar(11) DEFAULT NULL,
  `Аналог` varchar(20) DEFAULT NULL,
  `Дата выдачи` varchar(19) DEFAULT NULL,
  `Барабан приводной_Код` int DEFAULT NULL,
  `Барабан отклоняющий_Код` int DEFAULT NULL,
  `Барабан отклоняющий1_Барабан отклоняющий_Код` int DEFAULT NULL,
  `П/муфта_Муфта_Код` int DEFAULT NULL,
  `Ролик_Код` int DEFAULT NULL,
  `Исполнитель_Код` int DEFAULT NULL,
  PRIMARY KEY (`Код`),
  UNIQUE KEY `Код` (`Код`),
  UNIQUE KEY `Код_2` (`Код`),
  KEY `Бункер_Барабан приводной_Код_fk` (`Барабан приводной_Код`),
  KEY `Бункер_Барабан отклоняющий_Код_fk` (`Барабан отклоняющий_Код`),
  KEY `Бункер_Барабан отклоняющий1_Барабан отклоняющий_Код_fk` (`Барабан отклоняющий1_Барабан отклоняющий_Код`),
  KEY `Бункер_П/муфта_Муфта_Код_fk` (`П/муфта_Муфта_Код`),
  KEY `Бункер_Ролик_Код_fk` (`Ролик_Код`),
  KEY `Бункер_Исполнитель_Код_fk` (`Исполнитель_Код`),
  CONSTRAINT `Бункер_Барабан отклоняющий1_Барабан отклоняющий_Код_fk` FOREIGN KEY (`Барабан отклоняющий1_Барабан отклоняющий_Код`) REFERENCES `Барабан отклоняющий` (`Код`) ON DELETE SET NULL,
  CONSTRAINT `Бункер_Барабан отклоняющий_Код_fk` FOREIGN KEY (`Барабан отклоняющий_Код`) REFERENCES `Барабан отклоняющий` (`Код`) ON DELETE SET NULL,
  CONSTRAINT `Бункер_Барабан приводной_Код_fk` FOREIGN KEY (`Барабан приводной_Код`) REFERENCES `Барабан приводной` (`Код`) ON DELETE SET NULL,
  CONSTRAINT `Бункер_Исполнитель_Код_fk` FOREIGN KEY (`Исполнитель_Код`) REFERENCES `Исполнитель` (`Код`) ON DELETE SET NULL,
  CONSTRAINT `Бункер_П/муфта_Муфта_Код_fk` FOREIGN KEY (`П/муфта_Муфта_Код`) REFERENCES `Муфта` (`Код`) ON DELETE SET NULL,
  CONSTRAINT `Бункер_Ролик_Код_fk` FOREIGN KEY (`Ролик_Код`) REFERENCES `Ролик` (`Код`) ON DELETE SET NULL
) ENGINE=InnoDB AUTO_INCREMENT=71 DEFAULT CHARSET=utf8mb4 COLLATE=utf8mb4_0900_ai_ci;
/*!40101 SET character_set_client = @saved_cs_client */;

--
-- Dumping data for table `Бункер`
--

LOCK TABLES `Бункер` WRITE;
/*!40000 ALTER TABLE `Бункер` DISABLE KEYS */;
INSERT INTO `Бункер` VALUES (1,'СФКЛ.1000.285.02.000',875,'495','0',4500,'True','False','','','2005-09-03 00:00:00',4,4,NULL,36,5,3),(2,'СФКЛ.1200.602.02.050',825,'550','8.7',3415,'False','False','','','2005-09-20 00:00:00',1,1,NULL,37,1,4),(3,'РФКЛ.1000.174.02.000',0,'0','0',0,'False','False','','','',NULL,NULL,NULL,NULL,NULL,NULL),(4,'РФКЛ.1000.175.02.000',0,'0','0',0,'False','False','','','',NULL,NULL,NULL,NULL,NULL,NULL),(5,'РФКЛ.1000.177.02.000',0,'0','0',0,'False','False','','','',NULL,NULL,NULL,NULL,NULL,NULL),(6,'РФКЛ.1000.177.02.000-01',0,'0','0',0,'False','False','','','',NULL,NULL,NULL,NULL,NULL,NULL),(7,'РФКЛ.1000.175.02.000-01',0,'0','0',0,'False','False','','','',NULL,NULL,NULL,NULL,NULL,NULL),(8,'РФКЛ.1000.153.02.000',0,'0','0',0,'False','False','','','',NULL,NULL,NULL,NULL,NULL,NULL),(9,'РФКЛ.1000.173.02.000',0,'0','0',0,'False','False','','','',NULL,NULL,NULL,NULL,NULL,NULL),(10,'РФКЛ.1000.180.02.000',0,'0','0',0,'False','False','','','',NULL,NULL,NULL,NULL,NULL,NULL),(11,'РФКЛ.1000.181.02.000',0,'0','0',0,'False','False','','','',NULL,NULL,NULL,NULL,NULL,NULL),(12,'РФКЛ.1000.211.02.000',0,'0','0',0,'False','False','','','',NULL,NULL,NULL,NULL,NULL,NULL),(13,'РФКЛ.1000.841.02.000',0,'0','0',0,'False','False','','','',NULL,NULL,NULL,NULL,NULL,NULL),(14,'РФКЛ.1200.179.02.000',0,'0','0',0,'False','False','','','',NULL,NULL,NULL,NULL,NULL,NULL),(15,'РФКЛ.1200.800.02.000',0,'0','0',0,'False','False','','','',NULL,NULL,NULL,NULL,NULL,NULL),(16,'РФКЛ.1200.158.02.000-01',0,'0','0',0,'False','False','','','',NULL,NULL,NULL,NULL,NULL,NULL),(17,'РФКЛ.1600.921.02.000',0,'0','0',0,'False','False','','','',NULL,NULL,NULL,NULL,NULL,NULL),(18,'РФКЛ.1600.842.02.000',0,'0','0',0,'False','False','','','',NULL,NULL,NULL,NULL,NULL,NULL),(19,'РФКЛ.1600.210.02.000',0,'0','0',0,'False','False','','','',NULL,NULL,NULL,NULL,NULL,NULL),(20,'МФКЛ.1200.224.02.000',825,'570','0',4381,'False','False','','','2003-11-06 00:00:00',11,11,3,37,NULL,6),(21,'МФКЛ.1000.032.00.000',0,'0','0',0,'False','False','','','',NULL,NULL,NULL,NULL,NULL,NULL),(22,'МФКЛ.1000.032.02.000',0,'0','0',0,'False','False','','','',NULL,NULL,NULL,NULL,NULL,NULL),(23,'МФКЛ.1200.308.02.000',0,'0','0',680,'False','False','','','2004-05-06 00:00:00',8,NULL,NULL,38,1,4),(24,'МФКЛ.1200.301.02.000',0,'0','0',0,'False','False','','','',NULL,NULL,NULL,NULL,NULL,NULL),(25,'МФКЛ.1000.140.02.000',0,'0','0',0,'False','False','','','',NULL,NULL,NULL,NULL,NULL,NULL),(26,'МФКЛ.1000.125.02.000',1275,'410','14',4370,'False','False','','','2004-10-06 00:00:00',10,9,NULL,37,5,4),(27,'МФКЛ.1400.300.02.000',0,'0','0',0,'False','False','','','',NULL,NULL,NULL,NULL,NULL,NULL),(28,'МФКЛ.1400.004.02.000',875,'650','0',6160,'True','False','','','2004-02-25 00:00:00',9,8,NULL,NULL,NULL,8),(29,'МФКЛ.1400.020.02.000',1115,'0','14.5',6165,'False','True','РЭМ6-350-80','','2004-03-22 00:00:00',7,7,8,39,NULL,6),(30,'МФКЛ.1200.223.02.000',0,'0','0',0,'False','False','','','',NULL,NULL,NULL,NULL,NULL,NULL),(31,'МФКЛ.1200.307.02.000',0,'0','0',0,'False','False','','','',NULL,NULL,NULL,NULL,NULL,NULL),(32,'МФКЛ.1200.055.02.000',0,'0','0',0,'False','False','','','',NULL,NULL,NULL,NULL,NULL,NULL),(33,'МФКЛ.1200.052.02.000',1075,'650','0',3518,'False','False','','','2004-03-21 00:00:00',11,NULL,NULL,37,1,1),(34,'МФКЛ.1600.054.02.000',800,'620','0',5640,'False','False','','','2004-03-20 00:00:00',12,5,NULL,37,7,3),(35,'МФКЛ.1000.047.02.000',0,'0','0',0,'False','False','','','',NULL,NULL,NULL,NULL,NULL,NULL),(36,'МФКЛ.1000.046.02.000',0,'0','0',0,'False','False','','','',NULL,NULL,NULL,NULL,NULL,NULL),(37,'МФКЛ.1000.053.02.000',0,'0','0',0,'False','False','','','',NULL,NULL,NULL,NULL,NULL,NULL),(38,'МФКЛ.1000.048.02.000',0,'0','0',0,'False','False','','','',NULL,NULL,NULL,NULL,NULL,NULL),(39,'МФКЛ.1000.222.02.000',0,'0','0',0,'False','False','','','',NULL,NULL,NULL,NULL,NULL,NULL),(40,'МФКЛ.1000.221.02.100',962,'0','3.8',3650,'True','False','','','2003-12-22 00:00:00',10,9,10,37,NULL,8),(41,'ЛФКЛ.1200.255.02.000',825,'550','0',3550,'False','False','','СФКЛ.1200.604.02.000','2006-08-29 00:00:00',1,1,NULL,37,1,4),(42,'СФКЛ.1000.601.02.000',1175,'520','0',4020,'True','False','','','2005-08-26 00:00:00',4,4,NULL,36,5,4),(43,'БРФКЛ.1200.151.02.000',956,'600','1.5',7626,'True','False','','','2006-06-02 00:00:00',13,1,3,40,NULL,3),(44,'БРФКЛ.1200.057.02.000',825,'550','0',3550,'False','False','','','',1,1,NULL,37,1,2),(45,'ЛФКЛ.1600.341.02.000',0,'0','0',0,'False','False','','','',NULL,NULL,NULL,NULL,NULL,NULL),(46,'БРФКЛ.1200.069.02.000',0,'2140','0',0,'False','False','','реконструкция','2006-07-06 00:00:00',1,NULL,NULL,NULL,NULL,1),(47,'БРФКЛ.1200.152.02.000',956,'600','0',0,'True','False','','','2006-06-02 00:00:00',13,1,3,40,NULL,3),(48,'БРФКЛ.1200.056.02.000',0,'0','0',0,'False','False','','','',NULL,NULL,NULL,NULL,NULL,NULL),(49,'БРФКЛ.1200.055.02.000',0,'0','0',0,'False','False','','','',NULL,NULL,NULL,NULL,NULL,NULL),(50,'БРФКЛ.1000.017.01.000',0,'0','0',0,'False','False','','','',NULL,NULL,NULL,NULL,NULL,NULL),(51,'БРФКЛ.1000.017.02.000',510,'420','-4',1101,'False','False','','','2006-08-04 00:00:00',8,NULL,NULL,32,NULL,9),(52,'СФКЛ.1600.131.02.000',0,'0','0',0,'False','False','','','',NULL,NULL,NULL,NULL,NULL,NULL),(53,'СФКЛ.1600.070.02.000',1405,'640','15',11550,'True','False','','','2005-07-22 00:00:00',6,5,6,41,NULL,4),(54,'СФКЛ.1600.132.02.000',1490,'640','5.2',11535,'True','False','','','2005-07-10 00:00:00',6,5,6,41,NULL,4),(55,'РФКЛ.1600.874.02.000',0,'0','0',0,'False','False','','','',NULL,NULL,NULL,NULL,NULL,NULL),(56,'СФКЛ.1200.606.02.000',775,'550','0',4160,'True','False','','','2005-08-23 00:00:00',1,1,NULL,37,1,4),(57,'СФКЛ.1600.700.02.000',800,'640','3.8',7015,'False','False','','','2005-08-03 00:00:00',5,5,6,40,NULL,4),(58,'СФКЛ.1200.605.02.000',775,'550','0',4725,'True','False','','','2005-08-23 00:00:00',1,1,NULL,37,1,4),(59,'СФКЛ.1200.604.02.000',825,'550','0',3660,'False','False','','','2005-08-11 00:00:00',1,1,NULL,37,1,4),(60,'СФКЛ.1200.603.02.000',825,'590','0',3790,'False','False','','','2005-08-12 00:00:00',1,1,NULL,37,1,4),(61,'СФКЛ.1000.286.02.000',1145,'550','',4710,'True','False','','','2005-09-21 00:00:00',4,4,NULL,36,5,3),(62,'СФКЛ.1000.283.02.000-01',0,'','0',0,'False','False','','','',NULL,NULL,NULL,NULL,NULL,NULL),(63,'СФКЛ.1000.283.02.000',490,'420','0',1410,'False','False','','','2005-11-15 00:00:00',3,NULL,NULL,42,5,3),(64,'СФКЛ.1200.263.02.000',725,'650','0',3800,'True','False','','','2005-10-13 00:00:00',1,NULL,NULL,37,1,3),(65,'СФКЛ.1200.264.02.000',1520,'','15',4292,'False','False','','','2005-10-10 00:00:00',1,1,NULL,37,1,2),(66,'СФКЛ.1200.282.02.000',775,'500','0',3536,'False','False','','','2005-09-23 00:00:00',1,1,NULL,37,1,6),(67,'СФКЛ.1200.250.02.000-01',0,'','0',0,'False','False','','','',NULL,NULL,NULL,NULL,NULL,NULL),(68,'СФКЛ.1200.250.02.000',925,'480','13',4310,'True','False','','','2005-10-15 00:00:00',1,1,3,37,NULL,3),(69,'СФКЛ.1200.201.02.000',890,'580','0',6165,'True','False','','','2005-10-07 00:00:00',2,1,3,27,NULL,3),(70,'СФКЛ.1200.200.02.000',890,'580','0',5750,'True','False','','','2005-10-06 00:00:00',2,1,3,27,NULL,3);
/*!40000 ALTER TABLE `Бункер` ENABLE KEYS */;
UNLOCK TABLES;

--
-- Table structure for table `Двигатель`
--

DROP TABLE IF EXISTS `Двигатель`;
/*!40101 SET @saved_cs_client     = @@character_set_client */;
/*!50503 SET character_set_client = utf8mb4 */;
CREATE TABLE `Двигатель` (
  `Код` int NOT NULL AUTO_INCREMENT,
  `Обозначение` varchar(40) NOT NULL,
  `Мощность` decimal(10,3) DEFAULT NULL,
  `Скорость` decimal(10,3) DEFAULT NULL,
  `Масса` decimal(10,3) DEFAULT NULL,
  `Производитель_Код` int DEFAULT NULL,
  PRIMARY KEY (`Код`),
  UNIQUE KEY `Код` (`Код`),
  UNIQUE KEY `Обозначение` (`Обозначение`),
  KEY `Двигатель_Производитель_Код_fk` (`Производитель_Код`),
  CONSTRAINT `Двигатель_Производитель_Код_fk` FOREIGN KEY (`Производитель_Код`) REFERENCES `Производитель` (`Код`) ON DELETE SET NULL
) ENGINE=InnoDB AUTO_INCREMENT=32 DEFAULT CHARSET=utf8mb4 COLLATE=utf8mb4_0900_ai_ci;
/*!40101 SET character_set_client = @saved_cs_client */;

--
-- Dumping data for table `Двигатель`
--

LOCK TABLES `Двигатель` WRITE;
/*!40000 ALTER TABLE `Двигатель` DISABLE KEYS */;
INSERT INTO `Двигатель` VALUES (1,'ВАО2-315L6',NULL,1000.000,NULL,NULL),(2,'АВР280S6',NULL,1000.000,NULL,NULL),(3,'ВРП180М4',NULL,1000.000,NULL,NULL),(4,'ВРП160М6',NULL,1000.000,NULL,NULL),(5,'ВРП160S6',NULL,1000.000,NULL,NULL),(6,'АВР250М6',NULL,1000.000,NULL,NULL),(7,'ВРП160S8',NULL,1000.000,NULL,NULL),(8,'ВРП200М6',NULL,1000.000,NULL,NULL),(9,'ВАО2-280М6',NULL,1000.000,NULL,NULL),(10,'ВРП225М6',NULL,1000.000,NULL,NULL),(11,'4АЗВ-250-6000-4У2.5',NULL,1000.000,NULL,NULL),(12,'ВАО2-280L6',NULL,1000.000,NULL,NULL),(13,'ВАО2-315М6',NULL,1000.000,NULL,NULL),(14,'АВР250М4',NULL,1000.000,NULL,NULL),(15,'ВРП160М4',NULL,1000.000,NULL,NULL),(16,'ВРП160S4',NULL,1000.000,NULL,NULL),(17,'ВРП200L4',NULL,1000.000,NULL,NULL),(18,'АВР250S4',NULL,1000.000,NULL,NULL),(19,'ВАО3-560S6',NULL,1000.000,NULL,NULL),(20,'ВРП160SА6',NULL,1000.000,NULL,NULL),(21,'ВРП160SА4',NULL,1000.000,NULL,NULL),(22,'АИМР160S4',NULL,1000.000,NULL,NULL),(23,'АВР280М6',NULL,1000.000,NULL,NULL),(24,'АВР280М4',NULL,1000.000,NULL,NULL),(25,'АВР200L4Р',NULL,1000.000,NULL,NULL),(26,'АВР280L6',NULL,1000.000,NULL,NULL);
/*!40000 ALTER TABLE `Двигатель` ENABLE KEYS */;
UNLOCK TABLES;

--
-- Table structure for table `Исполнитель`
--

DROP TABLE IF EXISTS `Исполнитель`;
/*!40101 SET @saved_cs_client     = @@character_set_client */;
/*!50503 SET character_set_client = utf8mb4 */;
CREATE TABLE `Исполнитель` (
  `Код` int NOT NULL AUTO_INCREMENT,
  `Фамилия` varchar(11) DEFAULT NULL,
  `Имя` varchar(0) DEFAULT NULL,
  `Очество` varchar(0) DEFAULT NULL,
  `Дата рождения` date DEFAULT NULL,
  PRIMARY KEY (`Код`),
  UNIQUE KEY `Код` (`Код`),
  UNIQUE KEY `Код_2` (`Код`)
) ENGINE=InnoDB AUTO_INCREMENT=10 DEFAULT CHARSET=utf8mb4 COLLATE=utf8mb4_0900_ai_ci;
/*!40101 SET character_set_client = @saved_cs_client */;

--
-- Dumping data for table `Исполнитель`
--

LOCK TABLES `Исполнитель` WRITE;
/*!40000 ALTER TABLE `Исполнитель` DISABLE KEYS */;
INSERT INTO `Исполнитель` VALUES (1,'Вялкова','','',NULL),(2,'Помозов','','',NULL),(3,'Бедочев','','',NULL),(4,'Захаров','','',NULL),(5,'Марьясов','','',NULL),(6,'Белозерцева','','',NULL),(7,'Кучер','','',NULL),(8,'Барбашов','','',NULL),(9,'Дашкаев','','',NULL);
/*!40000 ALTER TABLE `Исполнитель` ENABLE KEYS */;
UNLOCK TABLES;

--
-- Temporary view structure for view `Использование барабана приводного`
--

DROP TABLE IF EXISTS `Использование барабана приводного`;
/*!50001 DROP VIEW IF EXISTS `Использование барабана приводного`*/;
SET @saved_cs_client     = @@character_set_client;
/*!50503 SET character_set_client = utf8mb4 */;
/*!50001 CREATE VIEW `Использование барабана приводного` AS SELECT 
 1 AS `Барабан приводной_Обозначение`,
 1 AS `Бункер_Обозначение`,
 1 AS `Фабрика_Наименование`,
 1 AS `Фабрика_Обозначение`,
 1 AS `№ конвейера`*/;
SET character_set_client = @saved_cs_client;

--
-- Temporary view structure for view `Использование телеги разгрузочной`
--

DROP TABLE IF EXISTS `Использование телеги разгрузочной`;
/*!50001 DROP VIEW IF EXISTS `Использование телеги разгрузочной`*/;
SET @saved_cs_client     = @@character_set_client;
/*!50503 SET character_set_client = utf8mb4 */;
/*!50001 CREATE VIEW `Использование телеги разгрузочной` AS SELECT 
 1 AS `Телега разгрузочная_Обозначение`,
 1 AS `Фабрика_Наименование`,
 1 AS `Фабрика_Обозначение`,
 1 AS `№ конвейера`*/;
SET character_set_client = @saved_cs_client;

--
-- Table structure for table `Конвейер`
--

DROP TABLE IF EXISTS `Конвейер`;
/*!40101 SET @saved_cs_client     = @@character_set_client */;
/*!50503 SET character_set_client = utf8mb4 */;
CREATE TABLE `Конвейер` (
  `Код` int NOT NULL AUTO_INCREMENT,
  `№ конвейера` smallint DEFAULT NULL,
  `Ширина` smallint DEFAULT NULL,
  `Мощность` decimal(4,1) DEFAULT NULL,
  `Производительность` smallint DEFAULT NULL,
  `Длина` decimal(8,3) DEFAULT NULL,
  `Угол` decimal(3,1) DEFAULT NULL,
  `Фабрика_Код` int DEFAULT NULL,
  `Лента_Код` int DEFAULT NULL,
  `Скорость` decimal(10,3) DEFAULT NULL,
  PRIMARY KEY (`Код`),
  UNIQUE KEY `Код` (`Код`),
  UNIQUE KEY `Код_2` (`Код`),
  KEY `Конвейер_Фабрика_Код_fk` (`Фабрика_Код`),
  KEY `Конвейер_Лента_Код_fk` (`Лента_Код`),
  CONSTRAINT `Конвейер_Лента_Код_fk` FOREIGN KEY (`Лента_Код`) REFERENCES `Лента` (`Код`) ON DELETE SET NULL,
  CONSTRAINT `Конвейер_Фабрика_Код_fk` FOREIGN KEY (`Фабрика_Код`) REFERENCES `Фабрика` (`Код`)
) ENGINE=InnoDB AUTO_INCREMENT=90 DEFAULT CHARSET=utf8mb4 COLLATE=utf8mb4_0900_ai_ci;
/*!40101 SET character_set_client = @saved_cs_client */;

--
-- Dumping data for table `Конвейер`
--

LOCK TABLES `Конвейер` WRITE;
/*!40000 ALTER TABLE `Конвейер` DISABLE KEYS */;
INSERT INTO `Конвейер` VALUES (1,255,1200,55.0,450,55.383,12.0,3,3,1.600),(2,256,1200,75.0,550,79.385,12.0,3,5,1.600),(3,257,1200,37.0,250,34.000,2.0,3,6,1.600),(4,131,1600,75.0,1100,65.877,5.0,2,NULL,1.600),(5,70,1600,200.0,1100,139.837,15.0,2,NULL,1.600),(6,700,1600,200.0,1000,238.527,14.0,2,NULL,1.600),(7,605,1200,75.0,600,126.663,0.0,2,NULL,1.600),(8,604,1200,75.0,580,83.667,12.0,2,NULL,1.600),(9,603,1200,30.0,580,19.970,12.0,2,NULL,1.600),(10,286,1000,15.0,100,41.390,0.0,2,NULL,1.250),(11,284,1000,11.0,120,5.090,0.0,2,NULL,1.250),(13,282,1200,7.5,150,20.250,0.0,2,NULL,0.400),(14,264,1200,55.0,250,73.367,15.0,2,NULL,1.600),(15,263,1200,22.0,100,31.550,0.0,2,NULL,0.500),(16,1,0,0.0,0,0.000,0.0,2,NULL,0.000),(17,251,1200,75.0,350,114.071,13.0,2,NULL,1.600),(18,250,1200,75.0,350,120.134,13.0,2,NULL,1.600),(19,200,1200,0.0,350,292.450,11.0,2,NULL,1.600),(20,201,1200,110.0,350,287.120,11.0,2,NULL,1.600),(21,703,1600,37.0,1000,3.500,0.0,2,NULL,0.400),(22,132,1600,250.0,600,232.780,5.0,2,NULL,1.600),(23,133,1600,132.0,1000,120.165,12.0,2,NULL,2.000),(24,134,1600,160.0,1000,90.250,12.0,2,NULL,1.600),(25,606,1200,75.0,600,127.195,0.0,2,NULL,1.600),(26,602,1200,90.0,580,115.330,14.0,2,NULL,1.600),(27,285,1000,11.0,270,13.890,0.0,2,NULL,1.600),(28,1,0,0.0,0,0.000,0.0,1,NULL,0.000),(29,174,1000,37.0,280,28.000,13.0,1,NULL,1.600),(30,175,1000,18.5,50,26.000,12.0,1,NULL,1.600),(31,177,1000,18.5,150,27.000,5.0,1,NULL,1.600),(32,178,0,0.0,0,0.000,0.0,1,NULL,0.000),(33,176,1000,18.5,50,26.000,12.0,1,NULL,1.600),(34,153,1000,7.5,50,29.000,0.0,1,NULL,0.400),(35,173,1000,37.0,280,28.000,13.0,1,NULL,1.600),(36,180,1000,15.0,150,4.810,0.0,1,NULL,1.600),(37,181,1000,15.0,150,4.810,0.0,1,NULL,1.600),(38,211,1000,45.0,490,116.500,5.0,1,NULL,1.000),(39,841,1000,75.0,491,118.400,8.0,1,NULL,2.000),(40,179,1200,45.0,600,80.890,6.0,1,NULL,1.600),(41,800,1200,200.0,800,186.030,14.0,1,NULL,1.600),(42,159,1200,18.8,400,23.800,0.0,1,NULL,1.600),(43,921,1600,400.0,2000,322.070,6.0,1,NULL,2.500),(44,842,1600,200.0,1550,134.920,8.0,1,NULL,2.000),(45,210,1600,132.0,1550,101.500,2.0,1,NULL,2.000),(46,922,1600,400.0,2000,319.530,6.0,1,NULL,2.500),(47,1,0,0.0,0,0.000,0.0,4,NULL,0.000),(48,224,1200,55.0,582,48.360,12.0,4,NULL,1.600),(49,33,1000,30.0,380,24962.000,14.0,4,NULL,1.600),(50,308,0,0.0,0,0.000,0.0,4,NULL,0.000),(51,301,1200,37.0,400,90.494,0.0,4,NULL,1.600),(52,140,1000,55.0,160,88.505,17.0,4,NULL,1.600),(53,125,1000,37.0,160,55.124,14.0,4,NULL,1.600),(54,300,1400,55.0,1000,85.625,-0.5,4,NULL,2.000),(55,4,1400,37.0,625,28.000,0.0,4,NULL,1.600),(56,20,1400,160.0,625,127.227,14.5,4,NULL,1.600),(57,223,1200,75.0,600,75.080,12.5,4,NULL,1.600),(58,307,1200,11.0,70,9.806,7.0,4,NULL,1.600),(59,55,1200,15.0,180,12.000,0.0,4,NULL,1.600),(60,52,1200,22.0,100,24.900,0.0,4,NULL,0.500),(61,225,1200,90.0,582,95.617,19.0,4,NULL,1.600),(62,54,1600,15.0,180,20.175,0.0,4,NULL,0.500),(63,32,1000,30.0,380,24.962,14.0,4,NULL,1.600),(64,47,1000,37.0,300,37.640,13.5,4,NULL,1.600),(65,46,1000,110.0,270,263.965,13.5,4,NULL,1.600),(66,53,1000,15.0,100,24.200,0.0,4,NULL,0.500),(67,221,1000,37.0,326,53.360,12.3,4,NULL,1.600),(68,48,1000,37.0,320,70.693,7.8,4,NULL,1.600),(69,222,1000,22.0,300,54.520,10.0,4,NULL,1.600),(70,601,0,0.0,0,0.000,0.0,2,NULL,0.000),(71,1,1600,37.0,600,9.600,9.0,5,NULL,0.400),(72,151,1200,132.0,600,363.064,2.5,5,7,1.600),(73,57,1200,75.0,600,69.626,12.0,5,4,1.600),(74,57,0,0.0,0,0.000,0.0,3,NULL,0.000),(75,17,0,0.0,0,0.000,0.0,5,NULL,0.000),(76,13,0,0.0,0,0.000,0.0,5,NULL,0.000),(77,152,1200,132.0,600,363.294,1.5,5,4,1.600),(78,20,0,0.0,0,0.000,0.0,3,NULL,0.000),(79,1,0,0.0,0,0.000,0.0,3,NULL,0.000),(80,341,1600,200.0,1200,255.170,8.5,3,2,1.600),(81,342,0,0.0,0,0.000,0.0,3,NULL,0.000),(82,58,1200,75.0,600,69.626,12.0,5,4,1.600),(83,70,0,0.0,0,0.000,0.0,5,NULL,0.000),(84,69,0,0.0,0,0.000,0.0,5,NULL,0.000),(85,14,0,0.0,0,0.000,0.0,5,NULL,0.000),(86,55,1200,110.0,600,122.224,15.0,5,4,1.600),(87,4,0,0.0,0,0.000,0.0,5,NULL,0.000),(88,3,0,0.0,0,0.000,0.0,5,NULL,0.000),(89,56,1200,110.0,600,122.224,15.0,5,4,1.600);
/*!40000 ALTER TABLE `Конвейер` ENABLE KEYS */;
UNLOCK TABLES;
/*!50003 SET @saved_cs_client      = @@character_set_client */ ;
/*!50003 SET @saved_cs_results     = @@character_set_results */ ;
/*!50003 SET @saved_col_connection = @@collation_connection */ ;
/*!50003 SET character_set_client  = utf8mb4 */ ;
/*!50003 SET character_set_results = utf8mb4 */ ;
/*!50003 SET collation_connection  = utf8mb4_0900_ai_ci */ ;
/*!50003 SET @saved_sql_mode       = @@sql_mode */ ;
/*!50003 SET sql_mode              = 'ONLY_FULL_GROUP_BY,STRICT_TRANS_TABLES,NO_ZERO_IN_DATE,NO_ZERO_DATE,ERROR_FOR_DIVISION_BY_ZERO,NO_ENGINE_SUBSTITUTION' */ ;
DELIMITER ;;
/*!50003 CREATE*/ /*!50017 DEFINER=`root`@`localhost`*/ /*!50003 TRIGGER `Проверка скорости_Конвейер_update` BEFORE UPDATE ON `Конвейер` FOR EACH ROW BEGIN
	IF NOT `Проверить скорость конвейера`(NEW.`Код`, NEW.`Скорость`) THEN
		SIGNAL SQLSTATE '45000' SET MESSAGE_TEXT = 'Реальная скорость конвейера не соответствует запрошенной. Поменяйте приводной блок, редуктор или двигатель';
	END IF;
END */;;
DELIMITER ;
/*!50003 SET sql_mode              = @saved_sql_mode */ ;
/*!50003 SET character_set_client  = @saved_cs_client */ ;
/*!50003 SET character_set_results = @saved_cs_results */ ;
/*!50003 SET collation_connection  = @saved_col_connection */ ;

--
-- Table structure for table `Лента`
--

DROP TABLE IF EXISTS `Лента`;
/*!40101 SET @saved_cs_client     = @@character_set_client */;
/*!50503 SET character_set_client = utf8mb4 */;
CREATE TABLE `Лента` (
  `Код` int NOT NULL AUTO_INCREMENT,
  `Обозначение` varchar(34) NOT NULL,
  `D барабаана мин` smallint DEFAULT NULL,
  `толщина, мм` tinyint DEFAULT NULL,
  `Производитель_Код` int DEFAULT NULL,
  PRIMARY KEY (`Код`),
  UNIQUE KEY `Код` (`Код`),
  UNIQUE KEY `Код_2` (`Код`),
  UNIQUE KEY `Обозначение` (`Обозначение`),
  KEY `Лента_Производитель_Код_fk` (`Производитель_Код`),
  CONSTRAINT `Лента_Производитель_Код_fk` FOREIGN KEY (`Производитель_Код`) REFERENCES `Производитель` (`Код`) ON DELETE SET NULL
) ENGINE=InnoDB AUTO_INCREMENT=12 DEFAULT CHARSET=utf8mb4 COLLATE=utf8mb4_0900_ai_ci;
/*!40101 SET character_set_client = @saved_cs_client */;

--
-- Dumping data for table `Лента`
--

LOCK TABLES `Лента` WRITE;
/*!40000 ALTER TABLE `Лента` DISABLE KEYS */;
INSERT INTO `Лента` VALUES (1,'2Ш-1200-4-ТК-200-2-4,5-3,5-Г1-РБ',630,0,NULL),(2,'2Ш-1600-4-ТА-300-6,0-2,0-Г1-РБ',0,0,NULL),(3,'2ШМ-1200-4-ТК-100-4,5-3,5-Г2-РБ',0,0,NULL),(4,'2ШМ-1200-4-ТК-200-2-4,5-3,5-Г2-РБ',0,0,NULL),(5,'2ШМ-1200-4-ТК-200-4,5-3,5-Г2-РБ',NULL,NULL,NULL),(6,'2ШМ-1200-3-ТК-100-4,5-3,5-Г2-РБ',NULL,NULL,NULL),(7,'2Ш-1200-4ТК-200-2-4,5-3,5-Г1-РБ',NULL,NULL,NULL);
/*!40000 ALTER TABLE `Лента` ENABLE KEYS */;
UNLOCK TABLES;

--
-- Table structure for table `Медиа`
--

DROP TABLE IF EXISTS `Медиа`;
/*!40101 SET @saved_cs_client     = @@character_set_client */;
/*!50503 SET character_set_client = utf8mb4 */;
CREATE TABLE `Медиа` (
  `Код` int NOT NULL AUTO_INCREMENT,
  `URL` mediumtext,
  `Тип` varchar(255) DEFAULT NULL,
  PRIMARY KEY (`Код`),
  UNIQUE KEY `Код` (`Код`)
) ENGINE=InnoDB DEFAULT CHARSET=utf8mb4 COLLATE=utf8mb4_0900_ai_ci;
/*!40101 SET character_set_client = @saved_cs_client */;

--
-- Dumping data for table `Медиа`
--

LOCK TABLES `Медиа` WRITE;
/*!40000 ALTER TABLE `Медиа` DISABLE KEYS */;
/*!40000 ALTER TABLE `Медиа` ENABLE KEYS */;
UNLOCK TABLES;

--
-- Table structure for table `Муфта`
--

DROP TABLE IF EXISTS `Муфта`;
/*!40101 SET @saved_cs_client     = @@character_set_client */;
/*!50503 SET character_set_client = utf8mb4 */;
CREATE TABLE `Муфта` (
  `Код` int NOT NULL AUTO_INCREMENT,
  `Обозначение` varchar(34) NOT NULL,
  `Масса` decimal(4,1) DEFAULT NULL,
  `Тип муфты_Код` int DEFAULT NULL,
  `Рисунок_Медиа_Код` int DEFAULT NULL,
  PRIMARY KEY (`Код`),
  UNIQUE KEY `Код` (`Код`),
  UNIQUE KEY `Код_2` (`Код`),
  UNIQUE KEY `Обозначение` (`Обозначение`),
  KEY `Муфта_Тип муфты_Код_fk` (`Тип муфты_Код`),
  KEY `Муфта_Рисунок_Медиа_Код_fk` (`Рисунок_Медиа_Код`),
  CONSTRAINT `Муфта_Рисунок_Медиа_Код_fk` FOREIGN KEY (`Рисунок_Медиа_Код`) REFERENCES `Медиа` (`Код`) ON DELETE SET NULL,
  CONSTRAINT `Муфта_Тип муфты_Код_fk` FOREIGN KEY (`Тип муфты_Код`) REFERENCES `Тип муфты` (`Код`) ON DELETE SET NULL
) ENGINE=InnoDB AUTO_INCREMENT=51 DEFAULT CHARSET=utf8mb4 COLLATE=utf8mb4_0900_ai_ci;
/*!40101 SET character_set_client = @saved_cs_client */;

--
-- Dumping data for table `Муфта`
--

LOCK TABLES `Муфта` WRITE;
/*!40000 ALTER TABLE `Муфта` DISABLE KEYS */;
INSERT INTO `Муфта` VALUES (1,'МФКЛ.1000.032.01.150',66.0,1,NULL),(2,'МВП.240.04.000',90.0,1,NULL),(3,'МВП.240.03.000(СФКЛ.31-05)',0.0,1,NULL),(4,'СФКЛ.1000.285.01.150(СФКЛ.48-05ПИ)',60.0,1,NULL),(5,'МВП.240.03.000',73.2,1,NULL),(6,'МВП.160.02.000',0.0,1,NULL),(7,'МВП.320.01.000',153.0,1,NULL),(8,'СФКЛ.1000.285.01.150',0.0,1,NULL),(9,'МВП.320.03.000',0.0,1,NULL),(10,'МВП.320.05.000',0.0,1,NULL),(11,'МЭ.250.01.000(РФКЛ.03-04ПИ)',90.0,1,NULL),(12,'МЭ.110.01.300',0.0,1,NULL),(13,'МЭ.110.01.300(МФКЛ10-04ПИ)',0.0,1,NULL),(14,'МВП.320.02.000',0.0,1,NULL),(15,'МЭ.055.04.000',0.0,1,NULL),(16,'МВП.240.02.000',0.0,1,NULL),(17,'МВП.160.02.000(СФКЛ.33-05ПИ)',0.0,1,NULL),(18,'СФКЛ.1000.601.01.150',0.0,1,NULL),(19,'СФКЛ.1000.601.01.150(ЛФКЛ.01-06ПИ)',0.0,1,NULL),(20,'МВП.320.04.000',0.0,1,NULL),(21,'МЗ.710.02.010',NULL,2,NULL),(22,'АФКЛ.1200.051.01.003',NULL,2,NULL),(23,'МЦД125/242.001(СФКЛ.07-05ПИ)',NULL,2,NULL),(24,'МЦД100/192.001(СФКЛ.38-05ПИ)',NULL,2,NULL),(25,'МЦД126/165-50,8-16.010',NULL,2,NULL),(26,'МЦД180/232.001(СФКЛ.31-05ПИ)',NULL,2,NULL),(27,'МЦД180/232.001-01',NULL,2,NULL),(28,'МЦД180/310.010',NULL,2,NULL),(29,'КЛ-160',NULL,2,NULL),(30,'МЦД100/192.001',NULL,2,NULL),(31,'МЦД130/135/310-50,8-20.010',NULL,2,NULL),(32,'МЦД125/165-50.8-16.010',NULL,2,NULL),(33,'МЦД125/242.001',NULL,2,NULL),(36,'МЦД140/270-50.8-20.001-01',NULL,2,NULL),(37,'МЦ',NULL,2,NULL),(38,'МФКЛ.1200.307.01.001',NULL,2,NULL),(39,'МЦД180/232.001',NULL,2,NULL),(40,'МЗ',NULL,2,NULL),(41,'МЗ.710.01.020',NULL,2,NULL),(42,'МЦД125/165-50.8-16.020',NULL,2,NULL);
/*!40000 ALTER TABLE `Муфта` ENABLE KEYS */;
UNLOCK TABLES;

--
-- Temporary view structure for view `Номенклатура`
--

DROP TABLE IF EXISTS `Номенклатура`;
/*!50001 DROP VIEW IF EXISTS `Номенклатура`*/;
SET @saved_cs_client     = @@character_set_client;
/*!50503 SET character_set_client = utf8mb4 */;
/*!50001 CREATE VIEW `Номенклатура` AS SELECT 
 1 AS `Фабрика_Наименование`,
 1 AS `Фабрика_Обозначение`,
 1 AS `№ конвейера`,
 1 AS `Ширина`,
 1 AS `Мощность`,
 1 AS `Номинальная Скорость`,
 1 AS `Реальная Скорость`,
 1 AS `Полная масса`,
 1 AS `Производительность`,
 1 AS `Двигатель_Обозначение`,
 1 AS `Барабан приводной_Обозначение`*/;
SET character_set_client = @saved_cs_client;

--
-- Table structure for table `Приводной блок`
--

DROP TABLE IF EXISTS `Приводной блок`;
/*!40101 SET @saved_cs_client     = @@character_set_client */;
/*!50503 SET character_set_client = utf8mb4 */;
CREATE TABLE `Приводной блок` (
  `Код` int NOT NULL AUTO_INCREMENT,
  `Обозначение` varchar(24) DEFAULT NULL,
  `Высота` smallint DEFAULT NULL,
  `Высота листа закл` varchar(4) DEFAULT NULL,
  `Масса` varchar(6) DEFAULT NULL,
  `Аналог` varchar(20) DEFAULT NULL,
  `Дата выдачи` varchar(19) DEFAULT NULL,
  `Редуктор_Код` int DEFAULT NULL,
  `Муфта_Код` int DEFAULT NULL,
  `Устройство тормозное_Код` int DEFAULT NULL,
  `Исполнитель_Код` int DEFAULT NULL,
  `Двигатель_Код` int DEFAULT NULL,
  `П/муфта_Муфта_Код` int DEFAULT NULL,
  PRIMARY KEY (`Код`),
  UNIQUE KEY `Код` (`Код`),
  UNIQUE KEY `Код_2` (`Код`),
  KEY `Приводной блок_Редуктор_Код_fk` (`Редуктор_Код`),
  KEY `Приводной блок_Муфта_Код_fk` (`Муфта_Код`),
  KEY `Приводной блок_Устройство тормозное_Код_fk` (`Устройство тормозное_Код`),
  KEY `Приводной блок_Исполнитель_Код_fk` (`Исполнитель_Код`),
  KEY `Приводной блок_Двигатель_Код_fk` (`Двигатель_Код`),
  KEY `Приводной блок_П/муфта_Муфта_Код_fk` (`П/муфта_Муфта_Код`),
  CONSTRAINT `Приводной блок_Двигатель_Код_fk` FOREIGN KEY (`Двигатель_Код`) REFERENCES `Двигатель` (`Код`) ON DELETE SET NULL,
  CONSTRAINT `Приводной блок_Исполнитель_Код_fk` FOREIGN KEY (`Исполнитель_Код`) REFERENCES `Исполнитель` (`Код`) ON DELETE SET NULL,
  CONSTRAINT `Приводной блок_Муфта_Код_fk` FOREIGN KEY (`Муфта_Код`) REFERENCES `Муфта` (`Код`) ON DELETE SET NULL,
  CONSTRAINT `Приводной блок_П/муфта_Муфта_Код_fk` FOREIGN KEY (`П/муфта_Муфта_Код`) REFERENCES `Муфта` (`Код`) ON DELETE SET NULL,
  CONSTRAINT `Приводной блок_Редуктор_Код_fk` FOREIGN KEY (`Редуктор_Код`) REFERENCES `Редуктор` (`Код`) ON DELETE SET NULL,
  CONSTRAINT `Приводной блок_Устройство тормозное_Код_fk` FOREIGN KEY (`Устройство тормозное_Код`) REFERENCES `Устройство тормозное` (`Код`) ON DELETE SET NULL
) ENGINE=InnoDB AUTO_INCREMENT=82 DEFAULT CHARSET=utf8mb4 COLLATE=utf8mb4_0900_ai_ci;
/*!40101 SET character_set_client = @saved_cs_client */;

--
-- Dumping data for table `Приводной блок`
--

LOCK TABLES `Приводной блок` WRITE;
/*!40000 ALTER TABLE `Приводной блок` DISABLE KEYS */;
INSERT INTO `Приводной блок` VALUES (1,'СФКЛ.1600.700.01.000-01',800,'','7102','','2005-08-09 00:00:00',36,10,6,7,1,21),(2,'СФКЛ.1200.605.01.000-01',775,'20','','','2005-08-15 00:00:00',35,2,3,1,2,22),(3,'СФКЛ.1200.604.01.000-01',825,'10','3510','','2005-08-10 00:00:00',35,2,3,1,2,22),(4,'СФКЛ.1200.603.01.000-01',825,'','1540','','2005-08-10 00:00:00',37,1,2,1,3,23),(5,'СФКЛ.1000.286.01.000',1145,'280','1630','','2005-09-20 00:00:00',9,8,1,1,4,24),(6,'СФКЛ.1000.283.01.000',490,'10','1130','','2005-11-16 00:00:00',39,8,2,3,5,25),(7,'СФКЛ.1000.283.01.000-01',0,'','0','','',40,NULL,NULL,NULL,5,NULL),(8,'СФКЛ.1200.264.01.000-01',1520,'665','3605','','2005-10-30 00:00:00',35,5,3,2,6,22),(9,'СФКЛ.1200.282.01.000-01',775,'10','1490','','2005-09-22 00:00:00',41,4,2,1,7,24),(10,'СФКЛ.1200.263.01.000',725,'','2500','','2005-09-20 00:00:00',42,6,NULL,1,8,26),(11,'СФКЛ.1200.250.01.000-01',925,'','3378','','2005-10-30 00:00:00',35,2,3,6,2,22),(12,'СФКЛ.1200.250.01.000',925,'','3378','','2005-10-30 00:00:00',43,2,4,6,2,22),(13,'СФКЛ.1200.201.01.000-01',890,'','4443','','2005-10-06 00:00:00',1,7,3,6,9,27),(14,'СФКЛ.1200.201.01.000',890,'','4443','','2005-10-06 00:00:00',34,7,4,6,9,27),(15,'СФКЛ.1600.703.01.000',0,'','0','','',2,17,NULL,NULL,10,NULL),(16,'СФКЛ.1200.603.01.000',825,'','0','расладка балок?','',3,1,1,NULL,3,23),(17,'СФКЛ.1600.131.01.000-01',1400,'670','4836','','2005-07-02 00:00:00',NULL,7,3,7,2,28),(18,'СФКЛ.1600.070.01.000',1045,'415','8287','','2005-08-02 00:00:00',5,20,5,7,1,21),(19,'СФКЛ.1600.132.01.000',1490,'500','9970','','2005-07-13 00:00:00',6,9,5,7,11,21),(20,'СФКЛ.1600.133.01.000-01',700,'0','4460','','2005-06-25 00:00:00',NULL,7,4,4,12,29),(21,'СФКЛ.1600.134.01.000-01',700,'0','6855','','2005-06-15 00:00:00',36,11,7,4,13,29),(22,'СФКЛ.1200.602.01.100-01',825,'0','3200','','2005-09-15 00:00:00',7,3,3,1,14,26),(23,'СФКЛ.1000.285.01.000',875,'10','1540','','2005-09-20 00:00:00',8,8,1,1,5,24),(24,'РФКЛ.1000.174.01.000-01',0,'0','0','','',10,NULL,NULL,NULL,10,NULL),(25,'РФКЛ.1000.175.01.000-01',0,'0','0','','',11,NULL,NULL,NULL,15,NULL),(26,'РФКЛ.1000.177.01.000-01',0,'0','0','','',11,NULL,NULL,NULL,15,NULL),(27,'РФКЛ.1000.177.01.000',0,'0','0','','',NULL,NULL,NULL,NULL,NULL,NULL),(28,'РФКЛ.1000.175.01.000',0,'0','0','','',12,NULL,NULL,NULL,15,NULL),(29,'РФКЛ.1000.153.01.000-01',0,'0','0','','',13,NULL,NULL,NULL,7,NULL),(30,'РФКЛ.1000.173.01.000',0,'0','0','','',14,NULL,NULL,NULL,10,NULL),(31,'РФКЛ.1000.180.01.000',0,'0','0','','',15,NULL,NULL,NULL,16,NULL),(32,'РФКЛ.1000.180.01.000-01',0,'0','0','','',16,NULL,NULL,NULL,16,NULL),(33,'РФКЛ.1000.211.01.000-01',0,'0','0','','',17,NULL,NULL,NULL,17,NULL),(34,'РФКЛ.1000.841.01.000',0,'0','0','','',18,NULL,NULL,NULL,18,NULL),(35,'РФКЛ.1200.179.01.000-01',0,'0','0','','',19,NULL,NULL,NULL,17,NULL),(36,'РФКЛ.1200.800.01.000',0,'0','0','','',5,NULL,NULL,NULL,1,NULL),(37,'РФКЛ.1200.158.01.000',0,'0','0','','',15,NULL,NULL,NULL,15,NULL),(38,'РФКЛ.1600.921.01.000',0,'0','0','','',20,NULL,NULL,NULL,19,NULL),(39,'РФКЛ.1600.842.01.000',0,'0','0','','',21,NULL,NULL,NULL,1,NULL),(40,'РФКЛ.1600.210.01.000-01',0,'0','0','','',22,NULL,NULL,NULL,12,NULL),(41,'МФКЛ.1200.224.01.000',825,'16','3120','','2003-11-05 00:00:00',43,12,8,NULL,6,22),(42,'МФКЛ.1000.033.00.000',0,'0','0','','',NULL,NULL,NULL,NULL,NULL,NULL),(43,'МФКЛ.1200.308.00.000',0,'0','0','','',NULL,NULL,NULL,NULL,NULL,NULL),(44,'МФКЛ.1200.308.01.000',0,'0','0','','',23,NULL,NULL,NULL,20,NULL),(45,'МФКЛ.1200.301.01.000-01',0,'0','0','','',35,NULL,NULL,NULL,10,NULL),(46,'МФКЛ.1000.140.01.000',1210,'0','3253.6','','2004-10-12 00:00:00',43,5,4,2,6,22),(47,'МФКЛ.1000.125.01.000-01',1275,'0','2700','','2004-10-06 00:00:00',35,16,10,1,10,30),(48,'МФКЛ.1400.300.01.000-01',790,'0','0','','',35,NULL,NULL,NULL,6,NULL),(49,'МФКЛ.1400.004.01.000',0,'0','0','','',43,NULL,NULL,NULL,10,NULL),(50,'МФКЛ.1400.020.01.000-01',1115,'0','5100','','2004-02-28 00:00:00',1,14,9,1,13,27),(51,'МФКЛ.1200.223.01.000',0,'0','0','','',NULL,NULL,NULL,NULL,2,NULL),(52,'МФКЛ.1200.307.01.000-01',0,'0','0','','',24,NULL,NULL,NULL,21,NULL),(53,'МФКЛ.1200.055.01.000-01',0,'0','0','','',25,NULL,NULL,NULL,22,NULL),(54,'МФКЛ.1200.052.01.000-01',1075,'0','0','','',26,NULL,NULL,NULL,8,NULL),(55,'МФКЛ.1200.225.01.000',0,'0','0','','',27,NULL,NULL,NULL,23,NULL),(56,'МФКЛ.1600.054.01.000',0,'0','0','','',28,NULL,NULL,NULL,4,NULL),(57,'МФКЛ.1000.032.01.000-01',0,'0','0','','',37,NULL,NULL,NULL,15,NULL),(58,'МФКЛ.1000.047.01.000',0,'0','0','','',14,NULL,NULL,NULL,10,NULL),(59,'БРФКЛ.1200.151.01.000',0,'0','0','','',31,7,4,NULL,24,NULL),(60,'БРФКЛ.1200.057.01.000',825,'0','3030','','2006-05-02 00:00:00',43,2,4,2,2,31),(61,'БРФКЛ.1000.017.01.000',510,'10','1365','','2006-08-01 00:00:00',39,8,10,9,5,32),(62,'ЛФКЛ.1600.341.01.000-01',0,'0','0','','',NULL,NULL,NULL,NULL,NULL,NULL),(63,'ЛФКЛ.1600.341.01.000',0,'0','0','','',NULL,NULL,NULL,NULL,NULL,NULL),(64,'СФКЛ.1000.601.01.000',1175,'240','2100','','2005-08-30 00:00:00',32,NULL,1,1,25,33),(65,'БРФКЛ.1000.013.01.000-01',415,'10','1086','','2006-08-21 00:00:00',40,8,2,9,5,32),(66,'БРФКЛ.1000.013.01.000',415,'10','1086','','2006-08-21 00:00:00',39,8,1,9,5,32),(67,'БРФКЛ.1200.151.01.000-01',0,'0','0','','',NULL,NULL,NULL,NULL,NULL,NULL),(68,'БРФКЛ.1200.004.01.000',1165,'515','3393','','2006-05-30 00:00:00',43,5,4,2,6,31),(69,'БРФКЛ.1200.004.01.000-1',1165,'515','3393','','2006-05-30 00:00:00',35,5,3,2,6,31),(70,'БРФКЛ.1200.056.01.000',0,'0','0','','',NULL,NULL,NULL,NULL,NULL,NULL),(71,'БРФКЛ.1200.056.01.000-01',0,'0','0','','',NULL,NULL,NULL,NULL,NULL,NULL),(72,'БРФКЛ.1200.069.01.000',1120,'0','2100','','2006-06-30 00:00:00',32,18,1,5,17,33),(73,'БРФКЛ.1200.069.01.000-01',1120,'0','2100','','2006-06-30 00:00:00',33,18,2,5,17,33),(74,'МФКЛ.1000.053.01.000',575,'0','0','','',29,NULL,NULL,NULL,4,NULL),(75,'МФКЛ.1000.221.01.000',2265,'1303','4274.1','','2004-01-20 00:00:00',35,13,9,2,4,22),(76,'МФКЛ.1000.048.01.000',865,'0','3003','','2004-01-30 00:00:00',43,13,9,1,10,22),(77,'МФКЛ.1000.222.01.000-01',1180,'0','2350','','2003-12-01 00:00:00',10,15,10,1,8,30),(78,'МФКЛ.1000.046.01.100',810,'0','4352','','2004-03-03 00:00:00',34,14,8,1,26,27),(79,'ЛФКЛ.1200.255.01.000-01',825,'0','3030','СФКЛ.1200.264.01.000','2006-08-29 00:00:00',35,5,3,2,6,31),(80,'ЛФКЛ.1200.256.01.000',825,'0','3245','СФКЛ.1200.604.01.000','2006-08-29 00:00:00',43,2,4,1,2,31),(81,'ЛФКЛ.1200.257.01.000',825,'0','1861','РФКЛ.1200.179.01.000','2006-09-13 00:00:00',30,NULL,1,2,10,33);
/*!40000 ALTER TABLE `Приводной блок` ENABLE KEYS */;
UNLOCK TABLES;

--
-- Table structure for table `Производитель`
--

DROP TABLE IF EXISTS `Производитель`;
/*!40101 SET @saved_cs_client     = @@character_set_client */;
/*!50503 SET character_set_client = utf8mb4 */;
CREATE TABLE `Производитель` (
  `Код` int NOT NULL AUTO_INCREMENT,
  `Название` varchar(255) NOT NULL,
  PRIMARY KEY (`Код`),
  UNIQUE KEY `Код` (`Код`),
  UNIQUE KEY `Название` (`Название`)
) ENGINE=InnoDB DEFAULT CHARSET=utf8mb4 COLLATE=utf8mb4_0900_ai_ci;
/*!40101 SET character_set_client = @saved_cs_client */;

--
-- Dumping data for table `Производитель`
--

LOCK TABLES `Производитель` WRITE;
/*!40000 ALTER TABLE `Производитель` DISABLE KEYS */;
/*!40000 ALTER TABLE `Производитель` ENABLE KEYS */;
UNLOCK TABLES;

--
-- Table structure for table `Редуктор`
--

DROP TABLE IF EXISTS `Редуктор`;
/*!40101 SET @saved_cs_client     = @@character_set_client */;
/*!50503 SET character_set_client = utf8mb4 */;
CREATE TABLE `Редуктор` (
  `Код` int NOT NULL AUTO_INCREMENT,
  `Обозначение` varchar(41) DEFAULT NULL,
  `Масса` smallint DEFAULT NULL,
  `Рисунок_Медиа_Код` int DEFAULT NULL,
  `Передаточное число` decimal(10,3) DEFAULT NULL,
  `Производитель_Код` int DEFAULT NULL,
  PRIMARY KEY (`Код`),
  UNIQUE KEY `Код` (`Код`),
  UNIQUE KEY `Код_2` (`Код`),
  KEY `Редуктор_Рисунок_Медиа_Код_fk` (`Рисунок_Медиа_Код`),
  KEY `Редуктор Производитель_Код_fk` (`Производитель_Код`),
  CONSTRAINT `Редуктор Производитель_Код_fk` FOREIGN KEY (`Производитель_Код`) REFERENCES `Производитель` (`Код`) ON DELETE SET NULL,
  CONSTRAINT `Редуктор_Рисунок_Медиа_Код_fk` FOREIGN KEY (`Рисунок_Медиа_Код`) REFERENCES `Медиа` (`Код`) ON DELETE SET NULL
) ENGINE=InnoDB AUTO_INCREMENT=44 DEFAULT CHARSET=utf8mb4 COLLATE=utf8mb4_0900_ai_ci;
/*!40101 SET character_set_client = @saved_cs_client */;

--
-- Dumping data for table `Редуктор`
--

LOCK TABLES `Редуктор` WRITE;
/*!40000 ALTER TABLE `Редуктор` DISABLE KEYS */;
INSERT INTO `Редуктор` VALUES (1,'Ц2НШ-500-26-32БФ.03.000(Ц2НШ.37-04ПИ)',0,NULL,26.000,NULL),(2,'1Ц3Н-500-100-11Цвх-Цвых',0,NULL,100.000,NULL),(3,'Ц2У-315НМ-31.5-21Цвх-Цвых',510,NULL,31.500,NULL),(4,'1РЧЦ-400-97-43Ф.000 (СФКЛ.12-05ПИ)',0,NULL,97.000,NULL),(5,'Ц2Н-630-31,5-31Цвх-Цвых',0,NULL,31.500,NULL),(6,'Ц3Н-630-50-31Цвх-Цвых',0,NULL,50.000,NULL),(7,'1Ц2Н-450-31,5-32Цвх-Цвых',0,NULL,31.500,NULL),(8,'2Ц2-250Н-20-21Цвх-Цвых',0,NULL,20.000,NULL),(9,'2Ц2-250Н-25-21Цвх-Цвых',0,NULL,25.000,NULL),(10,'Ц2НШ-385-20-32БФ.03.000',0,NULL,20.000,NULL),(11,'1Ц2У-250-31,5-32ЦУ1',0,NULL,31.500,NULL),(12,'1Ц2У-250-31,5-31ЦУ1',0,NULL,31.500,NULL),(13,'1Ц3У-250-40-12ЦУ1',0,NULL,40.000,NULL),(14,'Ц2НШ-385-20-31БФ.03.000',0,NULL,20.000,NULL),(15,'1Ц2У-250-31,5-21ЦУ1',0,NULL,31.500,NULL),(16,'1Ц2У-250-31,5-12ЦУ1',0,NULL,31.500,NULL),(17,'Ц2НШ-450-25-32БФ.03.000',0,NULL,25.000,NULL),(18,'Ц2НШ-450-25-31БФ.03.000',0,NULL,25.000,NULL),(19,'1Ц2У-355-31,5-32Цвх-Цвых',0,NULL,31.500,NULL),(20,'Ц2Н-710-20-31Цвх-Цвых',0,NULL,20.000,NULL),(21,'Ц2Н-630-20-31Цвх-Цвых',0,NULL,20.000,NULL),(22,'Ц2НШ-500-20-32БФ.03.000',0,NULL,20.000,NULL),(23,'1Ц2У-200-20-21ЦУ1',0,NULL,20.000,NULL),(24,'1Ц2У-200-20-12ЦУ1',0,NULL,20.000,NULL),(25,'2Ц2-250Н-31,5-12Цвх-Цвых',0,NULL,31.500,NULL),(26,'1Ц3Н-450-63-12Цвх-Цвых',0,NULL,63.000,NULL),(27,'Ц2НШ-500-20-31БФ.03.000',0,NULL,20.000,NULL),(28,'1Ц3У-355М-80-21Цвх-Цвых',0,NULL,80.000,NULL),(29,'1Ц3У-355М-63-21Цвх-Цвых',0,NULL,63.000,NULL),(30,'1Ц2У-355-20-31Цвх-Цвых',0,NULL,20.000,NULL),(31,'1Ц3Н-500-40-31Цвх-Цвых',0,NULL,40.000,NULL),(32,'1Ц2У-355-31.5-21Цвх-Цвых',0,NULL,31.500,NULL),(33,'1Ц2У-355-31.5-12Цвх-Цвых',0,NULL,31.500,NULL),(34,'Ц2НШ-500-26-31БФ.03.000(Ц2НШ.37-04ПИ)',0,NULL,26.000,NULL),(35,'Ц2НШ-450-20-32БФ.03.000',0,NULL,20.000,NULL),(36,'Ц2Н-630-25-32-Цвх-Цвых',0,NULL,25.000,NULL),(37,'Ц2У-315НМ-31.5-12Цвх-Цвых',510,NULL,31.500,NULL),(38,'2Ц2-250-25-21Цвх-Цвых',0,NULL,25.000,NULL),(39,'2Ц2-250Н-16-21Цвх-Цвых(487/224от28.10.05)',0,NULL,16.000,NULL),(40,'2Ц2-250Н-16-12Цвх-Цвых(487/224от28.10.05)',0,NULL,16.000,NULL),(41,'2Ц3-250Н-63-12Цвх-Цвых',0,NULL,63.000,NULL),(42,'1Ц3Н-450-63-21Цвх-Цвых',0,NULL,63.000,NULL),(43,'Ц2НШ-450-20-31БФ.03.000',0,NULL,20.000,NULL);
/*!40000 ALTER TABLE `Редуктор` ENABLE KEYS */;
UNLOCK TABLES;

--
-- Table structure for table `Ролик`
--

DROP TABLE IF EXISTS `Ролик`;
/*!40101 SET @saved_cs_client     = @@character_set_client */;
/*!50503 SET character_set_client = utf8mb4 */;
CREATE TABLE `Ролик` (
  `Код` int NOT NULL AUTO_INCREMENT,
  `Обозначение` varchar(22) DEFAULT NULL,
  `Масса` decimal(4,1) DEFAULT NULL,
  `Рисунок_Медиа_Код` int DEFAULT NULL,
  PRIMARY KEY (`Код`),
  UNIQUE KEY `Код` (`Код`),
  UNIQUE KEY `Код_2` (`Код`),
  KEY `Ролик_Рисунок_Медиа_Код_fk` (`Рисунок_Медиа_Код`),
  CONSTRAINT `Ролик_Рисунок_Медиа_Код_fk` FOREIGN KEY (`Рисунок_Медиа_Код`) REFERENCES `Медиа` (`Код`) ON DELETE SET NULL
) ENGINE=InnoDB AUTO_INCREMENT=8 DEFAULT CHARSET=utf8mb4 COLLATE=utf8mb4_0900_ai_ci;
/*!40101 SET character_set_client = @saved_cs_client */;

--
-- Dumping data for table `Ролик`
--

LOCK TABLES `Ролик` WRITE;
/*!40000 ALTER TABLE `Ролик` DISABLE KEYS */;
INSERT INTO `Ролик` VALUES (1,'Р180.3612.1350.27.000Ф',153.0,NULL),(2,'Р159.465.18.000',0.0,NULL),(3,'Р159.465.18.000-01',25.2,NULL),(4,'Р127.360.18.000',11.1,NULL),(5,'Р180.3612.1150.27.000Ф',0.0,NULL),(6,'Р159.610.307.18.000',30.2,NULL),(7,'Р180.3612.1800.27.000Ф',0.0,NULL);
/*!40000 ALTER TABLE `Ролик` ENABLE KEYS */;
UNLOCK TABLES;

--
-- Table structure for table `Роликоопора`
--

DROP TABLE IF EXISTS `Роликоопора`;
/*!40101 SET @saved_cs_client     = @@character_set_client */;
/*!50503 SET character_set_client = utf8mb4 */;
CREATE TABLE `Роликоопора` (
  `Код` int NOT NULL AUTO_INCREMENT,
  `Обозначение` varchar(19) DEFAULT NULL,
  `Масса` decimal(3,1) DEFAULT NULL,
  `Ширина` tinyint DEFAULT NULL,
  `Рисунок_Медиа_Код` int DEFAULT NULL,
  PRIMARY KEY (`Код`),
  UNIQUE KEY `Код` (`Код`),
  UNIQUE KEY `Код_2` (`Код`),
  KEY `Роликоопора_Рисунок_Медиа_Код_fk` (`Рисунок_Медиа_Код`),
  CONSTRAINT `Роликоопора_Рисунок_Медиа_Код_fk` FOREIGN KEY (`Рисунок_Медиа_Код`) REFERENCES `Медиа` (`Код`) ON DELETE SET NULL
) ENGINE=InnoDB AUTO_INCREMENT=6 DEFAULT CHARSET=utf8mb4 COLLATE=utf8mb4_0900_ai_ci;
/*!40101 SET character_set_client = @saved_cs_client */;

--
-- Dumping data for table `Роликоопора`
--

LOCK TABLES `Роликоопора` WRITE;
/*!40000 ALTER TABLE `Роликоопора` DISABLE KEYS */;
INSERT INTO `Роликоопора` VALUES (1,'СЛ1200.020К',0.0,0,NULL),(2,'РЖ120.159.30.00.000',0.0,0,NULL),(3,'РЖ100.127.12.20.000',0.0,0,NULL),(4,'РЖ100.127.30.20.000',0.0,0,NULL),(5,'РЖ160.159.30.00.000',51.5,0,NULL);
/*!40000 ALTER TABLE `Роликоопора` ENABLE KEYS */;
UNLOCK TABLES;

--
-- Table structure for table `Состав конвейера`
--

DROP TABLE IF EXISTS `Состав конвейера`;
/*!40101 SET @saved_cs_client     = @@character_set_client */;
/*!50503 SET character_set_client = utf8mb4 */;
CREATE TABLE `Состав конвейера` (
  `Прочее` varchar(43) DEFAULT NULL,
  `Конвейер_Код` int NOT NULL,
  `Бункер_Код` int DEFAULT NULL,
  `Став линейный_Код` int DEFAULT NULL,
  `Устройство натяжное_Код` int DEFAULT NULL,
  `Телега разгрузочная_Код` int DEFAULT NULL,
  `Руководство по эксплуатации_Медиа_Код` int DEFAULT NULL,
  `Общий вид_Медиа_Код` int DEFAULT NULL,
  `Приводной блок_Код` int DEFAULT NULL,
  UNIQUE KEY `Конвейер_Код` (`Конвейер_Код`),
  KEY `Руководство по эксплуатации_Медиа_Код_fk` (`Руководство по эксплуатации_Медиа_Код`),
  KEY `Общий вид_Медиа_Код_fk` (`Общий вид_Медиа_Код`),
  KEY `Состав конвейера_Бункер_Код_fk` (`Бункер_Код`),
  KEY `Состав конвейера_Став линейный_Код_fk` (`Став линейный_Код`),
  KEY `Состав конвейера_Устройство натяжное_Код_fk` (`Устройство натяжное_Код`),
  KEY `Состав конвейера_Телега разгрузочная_Код_fk` (`Телега разгрузочная_Код`),
  KEY `Состав конвейера_Приводной блок_Код_fk` (`Приводной блок_Код`),
  CONSTRAINT `Общий вид_Медиа_Код_fk` FOREIGN KEY (`Общий вид_Медиа_Код`) REFERENCES `Медиа` (`Код`) ON DELETE SET NULL,
  CONSTRAINT `Руководство по эксплуатации_Медиа_Код_fk` FOREIGN KEY (`Руководство по эксплуатации_Медиа_Код`) REFERENCES `Медиа` (`Код`) ON DELETE SET NULL,
  CONSTRAINT `Состав конвейера_Бункер_Код_fk` FOREIGN KEY (`Бункер_Код`) REFERENCES `Бункер` (`Код`) ON DELETE SET NULL,
  CONSTRAINT `Состав конвейера_Конвейер_Код_fk` FOREIGN KEY (`Конвейер_Код`) REFERENCES `Конвейер` (`Код`) ON DELETE CASCADE,
  CONSTRAINT `Состав конвейера_Приводной блок_Код_fk` FOREIGN KEY (`Приводной блок_Код`) REFERENCES `Приводной блок` (`Код`) ON DELETE SET NULL,
  CONSTRAINT `Состав конвейера_Став линейный_Код_fk` FOREIGN KEY (`Став линейный_Код`) REFERENCES `Став линейный` (`Код`) ON DELETE SET NULL,
  CONSTRAINT `Состав конвейера_Телега разгрузочная_Код_fk` FOREIGN KEY (`Телега разгрузочная_Код`) REFERENCES `Телега разгрузочная` (`Код`) ON DELETE SET NULL,
  CONSTRAINT `Состав конвейера_Устройство натяжное_Код_fk` FOREIGN KEY (`Устройство натяжное_Код`) REFERENCES `Устройство натяжное` (`Код`) ON DELETE SET NULL
) ENGINE=InnoDB DEFAULT CHARSET=utf8mb4 COLLATE=utf8mb4_0900_ai_ci;
/*!40101 SET character_set_client = @saved_cs_client */;

--
-- Dumping data for table `Состав конвейера`
--

LOCK TABLES `Состав конвейера` WRITE;
/*!40000 ALTER TABLE `Состав конвейера` DISABLE KEYS */;
INSERT INTO `Состав конвейера` VALUES ('',1,41,43,60,1,NULL,NULL,79),('',2,41,44,61,1,NULL,NULL,80),('',3,41,45,63,1,NULL,NULL,81),('СФКЛ.1600.131.05.000 Щит',4,52,68,1,NULL,NULL,NULL,17),('',5,53,69,2,NULL,NULL,NULL,18),('',6,57,55,47,NULL,NULL,NULL,1),('',7,58,56,48,NULL,NULL,NULL,2),('',8,59,57,49,1,NULL,NULL,3),('',9,60,58,50,NULL,NULL,NULL,4),('',10,61,59,51,NULL,NULL,NULL,5),('',11,62,60,NULL,NULL,NULL,NULL,6),('СФКЛ.1200.282.330.000 Пересып',13,66,62,53,NULL,NULL,NULL,9),('',14,65,61,52,NULL,NULL,NULL,8),('СФКЛ.1200.263.05.000бункер',15,64,63,54,NULL,NULL,NULL,10),('',17,67,64,55,NULL,NULL,NULL,11),('',18,68,65,56,NULL,NULL,NULL,12),('',19,70,67,58,NULL,NULL,NULL,13),('',20,69,66,57,NULL,NULL,NULL,14),('',21,NULL,NULL,NULL,NULL,NULL,NULL,15),('',22,54,70,3,NULL,NULL,NULL,19),('',23,55,71,4,NULL,NULL,NULL,20),('',24,55,72,5,NULL,NULL,NULL,21),('',25,56,73,6,NULL,NULL,NULL,2),('',26,2,74,7,NULL,NULL,NULL,22),('',27,1,53,8,NULL,NULL,NULL,23),('',29,3,1,9,NULL,NULL,NULL,24),('',30,4,2,10,NULL,NULL,NULL,25),('',31,5,3,11,NULL,NULL,NULL,26),('',32,6,4,11,NULL,NULL,NULL,27),('',33,7,2,10,NULL,NULL,NULL,28),('',34,8,5,12,NULL,NULL,NULL,29),('',35,9,6,13,NULL,NULL,NULL,30),('',36,10,7,NULL,NULL,NULL,NULL,31),('',37,11,7,NULL,NULL,NULL,NULL,32),('',38,12,8,14,NULL,NULL,NULL,33),('',39,13,9,15,NULL,NULL,NULL,34),('',40,14,10,16,NULL,NULL,NULL,35),('',41,15,11,17,NULL,NULL,NULL,36),('',42,16,12,18,NULL,NULL,NULL,37),('',43,17,13,19,NULL,NULL,NULL,38),('',44,18,14,20,NULL,NULL,NULL,39),('',45,19,15,21,NULL,NULL,NULL,40),('',46,17,16,22,NULL,NULL,NULL,38),('',48,20,17,23,NULL,NULL,NULL,41),('',49,22,18,24,NULL,NULL,NULL,57),('',50,23,19,25,NULL,NULL,NULL,44),('',51,24,20,26,NULL,NULL,NULL,45),('МФКЛ.1000.047.05.000(МФКЛ.124-04ПИ)концевая',52,25,21,27,NULL,NULL,NULL,46),('',53,26,22,28,NULL,NULL,NULL,47),('',54,27,23,29,NULL,NULL,NULL,48),('',55,28,24,30,NULL,NULL,NULL,49),('МФКЛ.1400.020.05.000концевая',56,29,25,31,NULL,NULL,NULL,50),('',57,30,26,32,NULL,NULL,NULL,51),('',58,31,27,33,NULL,NULL,NULL,52),('',59,32,28,34,NULL,NULL,NULL,53),('МФКЛ.1200.052.05.000бункер',60,33,29,35,NULL,NULL,NULL,54),('',61,20,30,36,NULL,NULL,NULL,55),('МФКЛ.1600.054.05.000бункер',62,34,31,37,NULL,NULL,NULL,56),('',63,22,18,24,NULL,NULL,NULL,57),('МФКЛ.1000.047.05.000концевая',64,35,32,38,NULL,NULL,NULL,58),('МФКЛ.1000.046.05.000концевая',65,36,33,39,NULL,NULL,NULL,78),('МФКЛ.1000.053.05.000бункер',66,37,34,41,NULL,NULL,NULL,74),('МФКЛ.1000.221.07.000щит',67,40,35,42,NULL,NULL,NULL,75),('МФКЛ.1000.048.05.000концевая',68,38,36,43,NULL,NULL,NULL,76),('',69,39,37,44,NULL,NULL,NULL,77),('',70,42,38,NULL,NULL,NULL,NULL,64),('',72,43,39,45,NULL,NULL,NULL,59),('',73,44,40,46,1,NULL,NULL,60),('',75,51,41,NULL,NULL,NULL,NULL,61),('',76,NULL,NULL,59,NULL,NULL,NULL,65),('',77,47,42,45,NULL,NULL,NULL,67),('',80,45,46,62,NULL,NULL,NULL,62),('',81,NULL,NULL,NULL,NULL,NULL,NULL,63),('',82,44,47,65,1,NULL,NULL,60),('',83,NULL,48,NULL,NULL,NULL,NULL,72),('',84,46,49,67,NULL,NULL,NULL,73),('',85,NULL,NULL,NULL,NULL,NULL,NULL,66),('',86,49,54,64,NULL,NULL,NULL,71),('',87,NULL,52,NULL,NULL,NULL,NULL,68),('',88,NULL,51,66,NULL,NULL,NULL,69),('',89,48,50,64,NULL,NULL,NULL,70);
/*!40000 ALTER TABLE `Состав конвейера` ENABLE KEYS */;
UNLOCK TABLES;

--
-- Table structure for table `Став линейный`
--

DROP TABLE IF EXISTS `Став линейный`;
/*!40101 SET @saved_cs_client     = @@character_set_client */;
/*!50503 SET character_set_client = utf8mb4 */;
CREATE TABLE `Став линейный` (
  `Код` int NOT NULL AUTO_INCREMENT,
  `Обозначение` varchar(21) DEFAULT NULL,
  `Ловители` tinyint DEFAULT NULL,
  `Расстояние м/у роликооп` smallint DEFAULT NULL,
  `Галерея` varchar(5) DEFAULT NULL,
  `Масса` varchar(5) DEFAULT NULL,
  `Дата выдачи` varchar(19) DEFAULT NULL,
  `Ролик_Код` int DEFAULT NULL,
  `Роликоопора_Код` int DEFAULT NULL,
  `Исполнитель_Код` int DEFAULT NULL,
  PRIMARY KEY (`Код`),
  UNIQUE KEY `Код` (`Код`),
  UNIQUE KEY `Код_2` (`Код`),
  KEY `Став линейный_Ролик_Код_fk` (`Ролик_Код`),
  KEY `Став линейный_Роликоопора_Код_fk` (`Роликоопора_Код`),
  KEY `Став линейный_Исполнитель_Код_fk` (`Исполнитель_Код`),
  CONSTRAINT `Став линейный_Исполнитель_Код_fk` FOREIGN KEY (`Исполнитель_Код`) REFERENCES `Исполнитель` (`Код`) ON DELETE SET NULL,
  CONSTRAINT `Став линейный_Ролик_Код_fk` FOREIGN KEY (`Ролик_Код`) REFERENCES `Ролик` (`Код`) ON DELETE SET NULL,
  CONSTRAINT `Став линейный_Роликоопора_Код_fk` FOREIGN KEY (`Роликоопора_Код`) REFERENCES `Роликоопора` (`Код`) ON DELETE SET NULL
) ENGINE=InnoDB AUTO_INCREMENT=75 DEFAULT CHARSET=utf8mb4 COLLATE=utf8mb4_0900_ai_ci;
/*!40101 SET character_set_client = @saved_cs_client */;

--
-- Dumping data for table `Став линейный`
--

LOCK TABLES `Став линейный` WRITE;
/*!40000 ALTER TABLE `Став линейный` DISABLE KEYS */;
INSERT INTO `Став линейный` VALUES (1,'РФКЛ.1000.174.03.000',0,0,'False','','',NULL,NULL,NULL),(2,'РФКЛ.1000.175.03.000',0,0,'False','','',NULL,NULL,NULL),(3,'РФКЛ.1000.177.03.000',0,0,'False','','',NULL,NULL,NULL),(4,'РФКЛ.1000.178.03.000',0,0,'False','','',NULL,NULL,NULL),(5,'РФКЛ.1000.153.03.000',0,0,'False','','',NULL,NULL,NULL),(6,'РФКЛ.1000.173.03.000',0,0,'False','','',NULL,NULL,NULL),(7,'РФКЛ.1000.180.03.000',0,0,'False','','',NULL,NULL,NULL),(8,'РФКЛ.1000.211.03.000',0,0,'False','','',NULL,NULL,NULL),(9,'РФКЛ.1000.841.03.000',0,0,'False','','',NULL,NULL,NULL),(10,'РФКЛ.1200.179.03.000',0,0,'False','','',NULL,NULL,NULL),(11,'РФКЛ.1200.800.03.000',0,0,'False','','',NULL,NULL,NULL),(12,'РФКЛ.1200.159.03.000',0,0,'False','','',NULL,NULL,NULL),(13,'РФКЛ.1600.921.03.000',0,0,'False','','',NULL,NULL,NULL),(14,'РФКЛ.1600.842.03.000',0,0,'False','','',NULL,NULL,NULL),(15,'РФКЛ.1600.210.03.000',0,0,'False','','',NULL,NULL,NULL),(16,'РФКЛ.1600.922.03.000',0,0,'False','','',NULL,NULL,NULL),(17,'МФКЛ.1200.224.03.000',0,0,'False','','',NULL,NULL,NULL),(18,'МФКЛ.1000.032.03.000',0,0,'False','','',NULL,NULL,NULL),(19,'МФКЛ.1200.308.03.000',0,0,'False','','',NULL,NULL,NULL),(20,'МФКЛ.1200.301.03.000',0,0,'False','','',NULL,NULL,NULL),(21,'МФКЛ.1000.140.03.000',0,0,'False','','',NULL,NULL,NULL),(22,'МФКЛ.1000.125.03.000',0,0,'False','','',NULL,NULL,NULL),(23,'МФКЛ.1400.300.03.000',0,0,'False','','',NULL,NULL,NULL),(24,'МФКЛ.1400.004.03.000',0,0,'False','','',NULL,NULL,NULL),(25,'МФКЛ.1400.020.03.000',0,0,'False','','',NULL,NULL,NULL),(26,'МФКЛ.1200.223.03.000',0,0,'False','','',NULL,NULL,NULL),(27,'МФКЛ.1200.307.03.000',0,0,'False','','',NULL,NULL,NULL),(28,'МФКЛ.1200.055.03.000',0,0,'False','','',NULL,NULL,NULL),(29,'МФКЛ.1200.052.03.000',0,0,'False','','',NULL,NULL,NULL),(30,'МФКЛ.1200.225.03.000',0,0,'False','','',NULL,NULL,NULL),(31,'МФКЛ.1600.054.03.000',0,0,'False','','',NULL,NULL,NULL),(32,'МФКЛ.1000.047.03.000',0,0,'False','','',NULL,NULL,NULL),(33,'МФКЛ.1000.046.03.000',0,0,'False','','',NULL,NULL,NULL),(34,'МФКЛ.1000.053.03.000',0,0,'False','','',NULL,NULL,NULL),(35,'МФКЛ.1000.221.03.000',0,0,'False','','',NULL,NULL,NULL),(36,'МФКЛ.1000.048.03.000',0,0,'False','','',NULL,NULL,NULL),(37,'МФКЛ.1000.222.03.000',0,0,'False','','',NULL,NULL,NULL),(38,'СФКЛ.1000.601.03.000',0,0,'False','','',NULL,NULL,NULL),(39,'БРФКЛ.1200.151.03.000',0,1200,'True','72400','2006-05-25 00:00:00',3,2,5),(40,'БРФКЛ.1200.057.03.000',0,1200,'False','12075','2006-05-02 00:00:00',3,2,5),(41,'БРФКЛ.1000.017.03.000',0,1200,'False','3120','2006-08-15 00:00:00',4,4,5),(42,'БРФКЛ.1200.152.03.000',0,1200,'True','72400','2006-05-25 00:00:00',3,5,5),(43,'ЛФКЛ.1200.255.03.000',0,1200,'False','9400','2006-08-31 00:00:00',3,2,5),(44,'ЛФКЛ.1200.256.03.000',0,1200,'False','13250','2006-08-31 00:00:00',3,2,5),(45,'ЛФКЛ.1200.257.03.000',0,1200,'False','5700','',3,2,5),(46,'ЛФКЛ.1600.341.03.000',0,0,'False','0','',NULL,NULL,NULL),(47,'БРФКЛ.1200.058.03.000',0,1200,'False','12075','2006-05-04 00:00:00',3,2,5),(48,'БРФКЛ.1200.070.03.000',0,1200,'False','12850','2006-06-19 00:00:00',3,2,5),(49,'БРФКЛ.1200.069.03.000',0,1200,'False','12850','2006-06-19 00:00:00',3,2,5),(50,'БРФКЛ.1200.056.03.000',20,1200,'True','21900','2006-05-29 00:00:00',3,2,5),(51,'БРФКЛ.1200.003.03.000',10,1200,'False','8250','2006-06-05 00:00:00',3,2,5),(52,'БРФКЛ.1200.004.03.000',10,1200,'False','8250','2006-06-05 00:00:00',3,2,5),(53,'СФКЛ.1000.285.03.000',0,1200,'False','','',4,4,NULL),(54,'БРФКЛ.1200.055.03.000',20,1200,'True','21900','2006-05-25 00:00:00',3,2,5),(55,'СФКЛ.1600.700.03.000',20,1200,'True','','',6,5,NULL),(56,'СФКЛ.1200.605.03.000',0,1200,'False','','',3,2,NULL),(57,'СФКЛ.1200.604.03.000',0,1200,'False','','',3,2,NULL),(58,'СФКЛ.1200.603.03.000',0,1200,'False','','',3,2,NULL),(59,'СФКЛ.1000.286.03.000',0,1200,'False','','',4,4,NULL),(60,'СФКЛ.1000.283.03.000',0,350,'False','','',4,3,NULL),(61,'СФКЛ.1200.264.03.000',0,1200,'False','','',3,2,NULL),(62,'СФКЛ.1200.282.03.000',0,1200,'False','','',3,2,NULL),(63,'СФКЛ.1200.263.03.000',0,1200,'False','','',3,2,NULL),(64,'СФКЛ.1200.251.03.000',27,1200,'True','','',3,2,NULL),(65,'СФКЛ.1200.250.03.000',0,0,'False','','',NULL,NULL,NULL),(66,'СФКЛ.1200.201.03.000',10,1200,'False','','',3,2,NULL),(67,'СФКЛ.1200.200.03.000',10,1200,'False','','',3,2,NULL),(68,'СФКЛ.1600.131.03.000',0,1200,'True','','',6,2,NULL),(69,'СФКЛ.1600.070.03.000',20,1200,'True','','',6,5,NULL),(70,'СФКЛ.1600.132.03.000',0,1200,'True','','',6,5,NULL),(71,'СФКЛ.1600.133.03.000',0,1200,'False','','',6,5,NULL),(72,'СФКЛ.1600.134.03.000',0,1200,'False','','',6,5,NULL),(73,'СФКЛ.1200.606.03.000',0,1200,'False','','',3,2,NULL),(74,'СФКЛ.1200.602.03.000',6,1200,'True','','',3,2,NULL);
/*!40000 ALTER TABLE `Став линейный` ENABLE KEYS */;
UNLOCK TABLES;

--
-- Table structure for table `Телега разгрузочная`
--

DROP TABLE IF EXISTS `Телега разгрузочная`;
/*!40101 SET @saved_cs_client     = @@character_set_client */;
/*!50503 SET character_set_client = utf8mb4 */;
CREATE TABLE `Телега разгрузочная` (
  `Код` int NOT NULL AUTO_INCREMENT,
  `Обозначение` varchar(19) DEFAULT NULL,
  `Масса` varchar(0) DEFAULT NULL,
  `Ролик_Код` int DEFAULT NULL,
  `Роликоопора_Код` int DEFAULT NULL,
  `Барабан отклоняющий_Код` int DEFAULT NULL,
  `Барабан отклоняющий1_Барабан отклоняющий_Код` int DEFAULT NULL,
  PRIMARY KEY (`Код`),
  UNIQUE KEY `Код` (`Код`),
  UNIQUE KEY `Код_2` (`Код`),
  KEY `Телега разгрузочная_Ролик_Код_fk` (`Ролик_Код`),
  KEY `Телега разгрузочная_Роликоопора_Код_fk` (`Роликоопора_Код`),
  KEY `Телега разгрузочная_Барабан отклоняющий_Код_fk` (`Барабан отклоняющий_Код`),
  KEY `Телега разгрузочная_Барабан отклоняющий1_Код_fk` (`Барабан отклоняющий1_Барабан отклоняющий_Код`),
  CONSTRAINT `Телега разгрузочная_Барабан отклоняющий1_Код_fk` FOREIGN KEY (`Барабан отклоняющий1_Барабан отклоняющий_Код`) REFERENCES `Барабан отклоняющий` (`Код`) ON DELETE SET NULL,
  CONSTRAINT `Телега разгрузочная_Барабан отклоняющий_Код_fk` FOREIGN KEY (`Барабан отклоняющий_Код`) REFERENCES `Барабан отклоняющий` (`Код`) ON DELETE SET NULL,
  CONSTRAINT `Телега разгрузочная_Ролик_Код_fk` FOREIGN KEY (`Ролик_Код`) REFERENCES `Ролик` (`Код`) ON DELETE SET NULL,
  CONSTRAINT `Телега разгрузочная_Роликоопора_Код_fk` FOREIGN KEY (`Роликоопора_Код`) REFERENCES `Роликоопора` (`Код`) ON DELETE SET NULL
) ENGINE=InnoDB AUTO_INCREMENT=2 DEFAULT CHARSET=utf8mb4 COLLATE=utf8mb4_0900_ai_ci;
/*!40101 SET character_set_client = @saved_cs_client */;

--
-- Dumping data for table `Телега разгрузочная`
--

LOCK TABLES `Телега разгрузочная` WRITE;
/*!40000 ALTER TABLE `Телега разгрузочная` DISABLE KEYS */;
INSERT INTO `Телега разгрузочная` VALUES (1,'ТР.1200-2200.01.000','',2,1,2,2);
/*!40000 ALTER TABLE `Телега разгрузочная` ENABLE KEYS */;
UNLOCK TABLES;

--
-- Table structure for table `Тип муфты`
--

DROP TABLE IF EXISTS `Тип муфты`;
/*!40101 SET @saved_cs_client     = @@character_set_client */;
/*!50503 SET character_set_client = utf8mb4 */;
CREATE TABLE `Тип муфты` (
  `Код` int NOT NULL AUTO_INCREMENT,
  `Название` varchar(30) NOT NULL,
  PRIMARY KEY (`Код`),
  UNIQUE KEY `Код` (`Код`),
  UNIQUE KEY `Название` (`Название`)
) ENGINE=InnoDB AUTO_INCREMENT=3 DEFAULT CHARSET=utf8mb4 COLLATE=utf8mb4_0900_ai_ci;
/*!40101 SET character_set_client = @saved_cs_client */;

--
-- Dumping data for table `Тип муфты`
--

LOCK TABLES `Тип муфты` WRITE;
/*!40000 ALTER TABLE `Тип муфты` DISABLE KEYS */;
INSERT INTO `Тип муфты` VALUES (1,'Муфта'),(2,'Полумуфта');
/*!40000 ALTER TABLE `Тип муфты` ENABLE KEYS */;
UNLOCK TABLES;

--
-- Table structure for table `Тип натяжки`
--

DROP TABLE IF EXISTS `Тип натяжки`;
/*!40101 SET @saved_cs_client     = @@character_set_client */;
/*!50503 SET character_set_client = utf8mb4 */;
CREATE TABLE `Тип натяжки` (
  `Код` int NOT NULL AUTO_INCREMENT,
  `Тип` varchar(24) DEFAULT NULL,
  PRIMARY KEY (`Код`),
  UNIQUE KEY `Код` (`Код`)
) ENGINE=InnoDB AUTO_INCREMENT=6 DEFAULT CHARSET=utf8mb4 COLLATE=utf8mb4_0900_ai_ci;
/*!40101 SET character_set_client = @saved_cs_client */;

--
-- Dumping data for table `Тип натяжки`
--

LOCK TABLES `Тип натяжки` WRITE;
/*!40000 ALTER TABLE `Тип натяжки` DISABLE KEYS */;
INSERT INTO `Тип натяжки` VALUES (1,'Винтовая'),(2,'Рамная'),(3,'Грузовая'),(4,'Грузо-лебедочная'),(5,'Лебедоч. с компенсатором');
/*!40000 ALTER TABLE `Тип натяжки` ENABLE KEYS */;
UNLOCK TABLES;

--
-- Table structure for table `Устройство натяжное`
--

DROP TABLE IF EXISTS `Устройство натяжное`;
/*!40101 SET @saved_cs_client     = @@character_set_client */;
/*!50503 SET character_set_client = utf8mb4 */;
CREATE TABLE `Устройство натяжное` (
  `Код` int NOT NULL AUTO_INCREMENT,
  `Обозначение` varchar(27) DEFAULT NULL,
  `Тип натяжки_Код` int DEFAULT NULL,
  `Диаметр барабана` varchar(3) DEFAULT NULL,
  `Ход` mediumint DEFAULT NULL,
  `Высота` smallint DEFAULT NULL,
  `Угол` varchar(4) DEFAULT NULL,
  `Масса` mediumint DEFAULT NULL,
  `Дата выдачи` varchar(19) DEFAULT NULL,
  `Барабан отклоняющий_Код` int DEFAULT NULL,
  `Исполнитель_Код` int DEFAULT NULL,
  PRIMARY KEY (`Код`),
  UNIQUE KEY `Код` (`Код`),
  UNIQUE KEY `Код_2` (`Код`),
  KEY `Устройство натяжное_Барабан отклоняющий_Код_fk` (`Барабан отклоняющий_Код`),
  KEY `Устройство натяжное_Исполнитель_Код_fk` (`Исполнитель_Код`),
  KEY `Устройство натяжное_Тип натяжки_Код_fk` (`Тип натяжки_Код`),
  CONSTRAINT `Устройство натяжное_Барабан отклоняющий_Код_fk` FOREIGN KEY (`Барабан отклоняющий_Код`) REFERENCES `Барабан отклоняющий` (`Код`) ON DELETE SET NULL,
  CONSTRAINT `Устройство натяжное_Исполнитель_Код_fk` FOREIGN KEY (`Исполнитель_Код`) REFERENCES `Исполнитель` (`Код`) ON DELETE SET NULL,
  CONSTRAINT `Устройство натяжное_Тип натяжки_Код_fk` FOREIGN KEY (`Тип натяжки_Код`) REFERENCES `Тип натяжки` (`Код`) ON DELETE SET NULL
) ENGINE=InnoDB AUTO_INCREMENT=68 DEFAULT CHARSET=utf8mb4 COLLATE=utf8mb4_0900_ai_ci;
/*!40101 SET character_set_client = @saved_cs_client */;

--
-- Dumping data for table `Устройство натяжное`
--

LOCK TABLES `Устройство натяжное` WRITE;
/*!40000 ALTER TABLE `Устройство натяжное` DISABLE KEYS */;
INSERT INTO `Устройство натяжное` VALUES (1,'СФКЛ.1600.131.04.000',4,'',2000,0,'',0,'',NULL,NULL),(2,'СФКЛ.1600.70.04.000',4,'',3000,0,'',0,'',NULL,NULL),(3,'СФКЛ.1600.132.04.000',4,'',6000,0,'',0,'',NULL,NULL),(4,'СФКЛ.1600.133.04.000',2,'',2350,0,'',0,'',NULL,NULL),(5,'СФКЛ.1600.134.04.000',2,'',2350,0,'',0,'',NULL,NULL),(6,'СФКЛ.1200.606.04.000',4,'',5000,0,'',0,'',NULL,NULL),(7,'СФКЛ.1200.602.04.000',4,'',3000,0,'',0,'',NULL,NULL),(8,'СФКЛ.1000.285.04.000',1,'',800,0,'',0,'',NULL,NULL),(9,'РФКЛ.1000.174.04.000',3,'',1300,0,'',0,'',NULL,NULL),(10,'РФКЛ.1000.175.04.000',3,'',1000,0,'',0,'',NULL,NULL),(11,'РФКЛ.1000.177.04.000',1,'',800,0,'',0,'',NULL,NULL),(12,'РФКЛ.1000.154.02.000',NULL,'',0,0,'',0,'',NULL,NULL),(13,'РФКЛ.1000.173.04.000',3,'',1300,0,'',0,'',NULL,NULL),(14,'РФКЛ.1000.211.04.000',3,'',3000,0,'',0,'',NULL,NULL),(15,'РФКЛ.1000.841.04.000',3,'',3600,0,'',0,'',NULL,NULL),(16,'РФКЛ.1200.179.04.000',3,'',2500,0,'',0,'',NULL,NULL),(17,'РФКЛ.1200.800.04.000',3,'',5000,0,'',0,'',NULL,NULL),(18,'РФКЛ.1200.158.04.000',1,'',800,0,'',0,'',NULL,NULL),(19,'РФКЛ.1600.921.04.000',3,'',8200,0,'',0,'',NULL,NULL),(20,'РФКЛ.1600.842.04.000',3,'',3600,0,'',0,'',NULL,NULL),(21,'РФКЛ.1600.210.04.000',3,'',3000,0,'',0,'',NULL,NULL),(22,'РФКЛ.1600.922.04.000',3,'',8200,0,'',0,'',NULL,NULL),(23,'МФКЛ.1200.224.04.000',2,'',0,0,'',0,'',NULL,NULL),(24,'МФКЛ.1000.032.04.000',3,'',1000,0,'',0,'',NULL,NULL),(25,'МФКЛ.1200.308.04.000',1,'',500,0,'',0,'',NULL,NULL),(26,'МФКЛ.1200.301.04.000',3,'',2000,0,'',0,'',NULL,NULL),(27,'МФКЛ.1000.140.04.000',3,'',2500,0,'',0,'',NULL,NULL),(28,'МФКЛ.1000.125.04.000',3,'',1600,0,'',0,'',NULL,NULL),(29,'МФКЛ.1400.300.04.000',3,'',2000,0,'',0,'',NULL,NULL),(30,'НВ.1400-1200-800.01.000',1,'',800,0,'',0,'',NULL,NULL),(31,'МФКЛ.1400.020.04.000',3,'',3200,0,'',0,'',NULL,NULL),(32,'МФКЛ.1200.223.04.000',3,'',2000,0,'',0,'',NULL,NULL),(33,'МФКЛ.1200.307.04.000',NULL,'',0,0,'',0,'',NULL,NULL),(34,'НВ.1200-1000-800.630.01.000',1,'',800,0,'',0,'',NULL,NULL),(35,'МФКЛ.1200.052.04.000',2,'',1000,0,'',0,'',NULL,NULL),(36,'МФКЛ.1200.225.04.000',2,'',0,0,'',0,'',NULL,NULL),(37,'МФКЛ.1600.054.04.000',2,'',1000,0,'',0,'',NULL,NULL),(38,'МФКЛ.1000.047.04.000',2,'',1250,0,'',0,'',NULL,NULL),(39,'МФКЛ.1000.046.04.000',NULL,'',0,0,'',0,'',NULL,NULL),(40,'МФКЛ.1000.053.01.000',NULL,'',0,0,'',0,'',NULL,NULL),(41,'МФКЛ.1000.053.04.000',NULL,'',0,0,'',0,'',NULL,NULL),(42,'МФКЛ.1000.221.04.000',2,'',2000,0,'',0,'',NULL,NULL),(43,'МФКЛ.1000.048.04.000',2,'',2500,0,'',0,'',NULL,NULL),(44,'МФКЛ.1000.222.04.000',3,'',1600,0,'',0,'',NULL,NULL),(45,'БРФКЛ.1200.151.04.000',4,'630',10500,1100,'0',14390,'2006-05-25 00:00:00',NULL,9),(46,'БРФКЛ.1200.057.04.000',2,'630',1600,1009,'12',8481,'2006-05-02 00:00:00',NULL,2),(47,'СФКЛ.1600.700.04.000',4,'',5450,0,'',0,'',NULL,NULL),(48,'СФКЛ.1200.605.04.000',4,'',5000,0,'',0,'',NULL,NULL),(49,'СФКЛ.1200.604.04.000',2,'',3000,0,'',0,'',NULL,NULL),(50,'СФКЛ.1200.603.04.000',1,'',500,1050,'',1890,'',NULL,3),(51,'СФКЛ.1000.286.04.000',2,'',1000,0,'',0,'',NULL,NULL),(52,'СФКЛ.1200.264.04.000',4,'',3000,0,'',0,'',NULL,NULL),(53,'СФКЛ.1200.282.04.000',1,'',800,0,'',0,'',NULL,NULL),(54,'СФКЛ.1200.263.04.000',2,'',1000,0,'',0,'',NULL,NULL),(55,'СФКЛ.1200.251.04.000',4,'',3000,0,'',0,'',NULL,NULL),(56,'СФКЛ.1200.250.04.000',4,'',3000,0,'',0,'',NULL,NULL),(57,'СФКЛ.1200.201.04.000',4,'',8500,0,'',0,'',NULL,NULL),(58,'СФКЛ.1200.200.04.000',4,'',8500,0,'',0,'',NULL,NULL),(59,'БРФКЛ.1000.013.04.000',1,'400',500,940,'15.5',1238,'2006-08-09 00:00:00',NULL,1),(60,'ЛФКЛ.1200.255.04.000',5,'630',1500,980,'0',7186,'2006-09-01 00:00:00',NULL,2),(61,'ЛФКЛ.1200.256.04.000',5,'630',2000,980,'0',7270,'2006-09-01 00:00:00',NULL,2),(62,'ЛФКЛ.1600.341.04.000',NULL,'0',0,0,'0',0,'',NULL,NULL),(63,'ЛФКЛ.1200.257.04.000',1,'400',800,794,'2',1593,'',NULL,2),(64,'БРФКЛ.1200.055.04.000',4,'630',2500,1000,'0',10203,'2006-05-30 00:00:00',NULL,9),(65,'БРФКЛ.1200.058.04.000',2,'630',1600,1009,'12',8011,'2006-05-04 00:00:00',NULL,2),(66,'БРФКЛ.1200.003.04.000',1,'630',800,1050,'14',1980,'2006-06-05 00:00:00',NULL,1),(67,'БРФКЛ.1200.069.04.000',1,'630',1600,1000,'0',2668,'2006-06-30 00:00:00',NULL,1);
/*!40000 ALTER TABLE `Устройство натяжное` ENABLE KEYS */;
UNLOCK TABLES;

--
-- Table structure for table `Устройство тормозное`
--

DROP TABLE IF EXISTS `Устройство тормозное`;
/*!40101 SET @saved_cs_client     = @@character_set_client */;
/*!50503 SET character_set_client = utf8mb4 */;
CREATE TABLE `Устройство тормозное` (
  `Код` int NOT NULL AUTO_INCREMENT,
  `Обозначение` varchar(34) DEFAULT NULL,
  `Масса` smallint DEFAULT NULL,
  `Рисунок_Медиа_Код` int DEFAULT NULL,
  `Усилие` decimal(10,3) DEFAULT NULL,
  PRIMARY KEY (`Код`),
  UNIQUE KEY `Код` (`Код`),
  UNIQUE KEY `Код_2` (`Код`),
  KEY `Устройство тормозное_Рисунок_Медиа_Код_fk` (`Рисунок_Медиа_Код`),
  CONSTRAINT `Устройство тормозное_Рисунок_Медиа_Код_fk` FOREIGN KEY (`Рисунок_Медиа_Код`) REFERENCES `Медиа` (`Код`) ON DELETE SET NULL
) ENGINE=InnoDB AUTO_INCREMENT=11 DEFAULT CHARSET=utf8mb4 COLLATE=utf8mb4_0900_ai_ci;
/*!40101 SET character_set_client = @saved_cs_client */;

--
-- Dumping data for table `Устройство тормозное`
--

LOCK TABLES `Устройство тормозное` WRITE;
/*!40000 ALTER TABLE `Устройство тормозное` DISABLE KEYS */;
INSERT INTO `Устройство тормозное` VALUES (1,'УТ300-700.01.000-01 (СФКЛ.21-05ПИ)',160,NULL,NULL),(2,'УТ300-700.01.000 (СФКЛ.21-05ПИ)',160,NULL,NULL),(3,'УТ400-1100.00.000-01',160,NULL,NULL),(4,'УТ400-1100.00.000',160,NULL,NULL),(5,'2ПТ120.71.01.000-01',0,NULL,NULL),(6,'2ПТ120.71.01.000',0,NULL,NULL),(7,'2ПТ120.71.01.000(2ПТ120.63-04ПИ)',0,NULL,NULL),(8,'УТ000Б1',0,NULL,NULL),(9,'УТ000Б1-01',0,NULL,NULL),(10,'УТ300-700.01.000-01',0,NULL,NULL);
/*!40000 ALTER TABLE `Устройство тормозное` ENABLE KEYS */;
UNLOCK TABLES;

--
-- Table structure for table `Фабрика`
--

DROP TABLE IF EXISTS `Фабрика`;
/*!40101 SET @saved_cs_client     = @@character_set_client */;
/*!50503 SET character_set_client = utf8mb4 */;
CREATE TABLE `Фабрика` (
  `Код` int NOT NULL AUTO_INCREMENT,
  `Обозначение` varchar(8) NOT NULL,
  `Наименование` varchar(14) DEFAULT NULL,
  PRIMARY KEY (`Код`),
  UNIQUE KEY `Код` (`Код`),
  UNIQUE KEY `Код_2` (`Код`)
) ENGINE=InnoDB AUTO_INCREMENT=6 DEFAULT CHARSET=utf8mb4 COLLATE=utf8mb4_0900_ai_ci;
/*!40101 SET character_set_client = @saved_cs_client */;

--
-- Dumping data for table `Фабрика`
--

LOCK TABLES `Фабрика` WRITE;
/*!40000 ALTER TABLE `Фабрика` DISABLE KEYS */;
INSERT INTO `Фабрика` VALUES (1,'РФКЛ','Распадская'),(2,'СФКЛ','Северная'),(3,'ЛФКЛ','Листвяжная'),(4,'МФКЛ','Междуреченская'),(5,'БФКЛ','Березовская');
/*!40000 ALTER TABLE `Фабрика` ENABLE KEYS */;
UNLOCK TABLES;

--
-- Final view structure for view `Использование барабана приводного`
--

/*!50001 DROP VIEW IF EXISTS `Использование барабана приводного`*/;
/*!50001 SET @saved_cs_client          = @@character_set_client */;
/*!50001 SET @saved_cs_results         = @@character_set_results */;
/*!50001 SET @saved_col_connection     = @@collation_connection */;
/*!50001 SET character_set_client      = utf8mb4 */;
/*!50001 SET character_set_results     = utf8mb4 */;
/*!50001 SET collation_connection      = utf8mb4_0900_ai_ci */;
/*!50001 CREATE ALGORITHM=UNDEFINED */
/*!50013 DEFINER=`root`@`localhost` SQL SECURITY DEFINER */
/*!50001 VIEW `Использование барабана приводного` AS select `Барабан приводной`.`Обозначение` AS `Барабан приводной_Обозначение`,`Бункер`.`Обозначение` AS `Бункер_Обозначение`,`Фабрика`.`Наименование` AS `Фабрика_Наименование`,`Фабрика`.`Обозначение` AS `Фабрика_Обозначение`,`Конвейер`.`№ конвейера` AS `№ конвейера` from ((((`Барабан приводной` left join `Бункер` on((`Бункер`.`Барабан приводной_Код` = `Барабан приводной`.`Код`))) left join `Состав конвейера` on((`Состав конвейера`.`Бункер_Код` = `Бункер`.`Код`))) join `Конвейер` on((`Состав конвейера`.`Конвейер_Код` = `Конвейер`.`Код`))) join `Фабрика` on((`Конвейер`.`Фабрика_Код` = `Фабрика`.`Код`))) */;
/*!50001 SET character_set_client      = @saved_cs_client */;
/*!50001 SET character_set_results     = @saved_cs_results */;
/*!50001 SET collation_connection      = @saved_col_connection */;

--
-- Final view structure for view `Использование телеги разгрузочной`
--

/*!50001 DROP VIEW IF EXISTS `Использование телеги разгрузочной`*/;
/*!50001 SET @saved_cs_client          = @@character_set_client */;
/*!50001 SET @saved_cs_results         = @@character_set_results */;
/*!50001 SET @saved_col_connection     = @@collation_connection */;
/*!50001 SET character_set_client      = utf8mb4 */;
/*!50001 SET character_set_results     = utf8mb4 */;
/*!50001 SET collation_connection      = utf8mb4_0900_ai_ci */;
/*!50001 CREATE ALGORITHM=UNDEFINED */
/*!50013 DEFINER=`root`@`localhost` SQL SECURITY DEFINER */
/*!50001 VIEW `Использование телеги разгрузочной` AS select `Телега разгрузочная`.`Обозначение` AS `Телега разгрузочная_Обозначение`,`Фабрика`.`Наименование` AS `Фабрика_Наименование`,`Фабрика`.`Обозначение` AS `Фабрика_Обозначение`,`Конвейер`.`№ конвейера` AS `№ конвейера` from (((`Телега разгрузочная` left join `Состав конвейера` on((`Состав конвейера`.`Телега разгрузочная_Код` = `Телега разгрузочная`.`Код`))) join `Конвейер` on((`Состав конвейера`.`Конвейер_Код` = `Конвейер`.`Код`))) join `Фабрика` on((`Конвейер`.`Фабрика_Код` = `Фабрика`.`Код`))) */;
/*!50001 SET character_set_client      = @saved_cs_client */;
/*!50001 SET character_set_results     = @saved_cs_results */;
/*!50001 SET collation_connection      = @saved_col_connection */;

--
-- Final view structure for view `Номенклатура`
--

/*!50001 DROP VIEW IF EXISTS `Номенклатура`*/;
/*!50001 SET @saved_cs_client          = @@character_set_client */;
/*!50001 SET @saved_cs_results         = @@character_set_results */;
/*!50001 SET @saved_col_connection     = @@collation_connection */;
/*!50001 SET character_set_client      = utf8mb4 */;
/*!50001 SET character_set_results     = utf8mb4 */;
/*!50001 SET collation_connection      = utf8mb4_0900_ai_ci */;
/*!50001 CREATE ALGORITHM=UNDEFINED */
/*!50013 DEFINER=`root`@`localhost` SQL SECURITY DEFINER */
/*!50001 VIEW `Номенклатура` AS select `Фабрика`.`Наименование` AS `Фабрика_Наименование`,`Фабрика`.`Обозначение` AS `Фабрика_Обозначение`,`Конвейер`.`№ конвейера` AS `№ конвейера`,`Конвейер`.`Ширина` AS `Ширина`,`Конвейер`.`Мощность` AS `Мощность`,`Конвейер`.`Скорость` AS `Номинальная Скорость`,`Реальная скорость конвейера`(`Конвейер`.`Код`) AS `Реальная Скорость`,`Полная масса конвейера`(`Конвейер`.`Код`) AS `Полная масса`,`Конвейер`.`Производительность` AS `Производительность`,`Двигатель`.`Обозначение` AS `Двигатель_Обозначение`,`Барабан приводной`.`Обозначение` AS `Барабан приводной_Обозначение` from (((((((`Фабрика` join `Конвейер` on((`Конвейер`.`Фабрика_Код` = `Фабрика`.`Код`))) left join `Состав конвейера` on((`Состав конвейера`.`Конвейер_Код` = `Конвейер`.`Код`))) left join `Приводной блок` on((`Состав конвейера`.`Приводной блок_Код` = `Приводной блок`.`Код`))) left join `Двигатель` on((`Приводной блок`.`Двигатель_Код` = `Двигатель`.`Код`))) left join `Редуктор` on((`Приводной блок`.`Редуктор_Код` = `Редуктор`.`Код`))) left join `Бункер` on((`Состав конвейера`.`Бункер_Код` = `Бункер`.`Код`))) left join `Барабан приводной` on((`Бункер`.`Барабан приводной_Код` = `Барабан приводной`.`Код`))) */;
/*!50001 SET character_set_client      = @saved_cs_client */;
/*!50001 SET character_set_results     = @saved_cs_results */;
/*!50001 SET collation_connection      = @saved_col_connection */;
/*!40103 SET TIME_ZONE=@OLD_TIME_ZONE */;

/*!40101 SET SQL_MODE=@OLD_SQL_MODE */;
/*!40014 SET FOREIGN_KEY_CHECKS=@OLD_FOREIGN_KEY_CHECKS */;
/*!40014 SET UNIQUE_CHECKS=@OLD_UNIQUE_CHECKS */;
/*!40101 SET CHARACTER_SET_CLIENT=@OLD_CHARACTER_SET_CLIENT */;
/*!40101 SET CHARACTER_SET_RESULTS=@OLD_CHARACTER_SET_RESULTS */;
/*!40101 SET COLLATION_CONNECTION=@OLD_COLLATION_CONNECTION */;
/*!40111 SET SQL_NOTES=@OLD_SQL_NOTES */;

-- Dump completed on 2020-06-14 22:17:13
